Language,Text1,Text2,Text3,Text4,Text5,Text6,Text7,Text8,Text9,Text10,Text11,Text12,Text13,Text14,Text15,Text16,Text17,Text18,Text19,Text20,Text21,Text22,Text23,Text24,Text25,Text26,Text27,,Text29,Text30,Text31,Text32,Text33,Text34,Text35,Text36,Text37,Text38,Text39,Text40,Text41,Text42,Text43,Text44,Text45,Text46,Text47,Text48,Text49,Text50,Text51,Text52,Text53,Text54,Text55,Text56,Text57,Text58,Text59,Text60,Text61,Text62,Text63,Text64,Text65,Text66,Text67,Text68,Text69,Text70,Text71,Text72,Text73,Text74,Text75,Text76,Text77,Text78,Text79,Text80,Text81,Text82,Text83,Text84,Text85,Text86,Text87,Text88,Text89,Text90,Text91,Text92,Text93,Text94,Text95,Text96,Text97,Text98,Text99,Text100,Text101,Text102
arabic,مُكشاف الألغام تتريس,لعبة مُكشاف الألغام تتريس تعمل بالفعل!,يرجى إطلاق مُكشاف الألغام تتريس من Steam!,فشل تهيئة Steam!,فشل تحميل حالة المستخدم الحالي لـ Steam!,مُكشاف الألغام تتريس (32-بت),الإصدار 20221215 (Steam),من إنتاج ax_pokl,مرخصة تحت GPL-3.0,حسنًا,جارٍ تهيئة Steam...,جارٍ تهيئة الصوت...,جارٍ تهيئة لوحة اللعبة...,جارٍ تهيئة الرسوميات...,جارٍ تهيئة النافذة...,سهل,عادي,صعب,لعبة جديدة,استراحة,إضافة خط,مساعدة,حول,الإعدادات,الصدارة,الصوت,الموسيقى,وضع السحب,الإحصائيات,الجلد,لقطة شاشة,خروج,تكبير/تصغير,الرسوم المتحركة,المؤشر,تشغيل,إيقاف,بدون سحب,بدون أرقام,سحب الأرقام,سحب الكل,أوتوماتيكي,تكبير الشاشة,مُشرق,مُظلم,ماينكرافت,صقيع,غابة,حمم,مجموع,تفاصيل,x1,x1.5,x2,x2.5,x3,x3.5,x4,دليل,اضغط بالزر الأيسر على الكتلة لبدء اللعبة.,الأرقام تمثل عدد الألغام في الكتل المجاورة. اضغط بالزر الأيسر على كتلة أخرى للمتابعة.,يوجد كتلة واحدة غير مفتوحة حول الرقم 1. اضغط على الرقم 1 لتمييز الكتلة كعلم.,"الشبكة الزرقاء بها لغم واحد والشبكة الخضراء بها لغمين، لذا يجب أن تكون الكتلة الحمراء لغمًا. اضغط بالزر الأيمن لتمييزه كعلامة استفهام.","اضغط على الرقم 1 لفتح الكتل المتبقية، سيتم تمييز العلامة التعجب تلقائيًا كعلم.",هناك كتلتان غير مفتوحتين حول الرقم 2. اضغط على الرقم 2 لتمييز الكتل المتبقية كأعلام.,تم تمييز جميع الألغام حول الرقم 2 بالأعلام. اضغط على الرقم 2 لفتح الكتل المتبقية.,"مرة أخرى، اضغط على الرقم 2 لفتح الكتل المتبقية.","الشبكة الزرقاء بها لغم واحد والشبكة الخضراء بها لغم واحد أيضًا، لذا يجب أن لا تكون الكتلة الحمراء لغمًا. اضغط بالزر الأيسر لفتحها.","الألغام على لوحة اللعبة غير قابلة للتنبؤ منطقيًا الآن، دعونا نقوم بتخمين عشوائي ونضغط بالزر الأيمن على كتلة.",اضغط على الرقم 2 لفتح الكتل المتبقية.,"أوه... بسبب التخمين الخاطئ، تم إضافة خطين في الأعلى، وتم تمييز الألغام بالأعلام، وفتحت الكتل المتبقية. اضغط على الرقم 1 لفتح الكتل المتبقية.",اضغط على الرقم 1 لفتح الكتلتين المتبقيتين.,"تم فتح جميع الكتل في الخطين السفليين، تم مسح خطين ومُنح نقطتين. الدرجة العالية، المستوى العالي، اللعبة الصعبة.","تتولد الكتل الجديدة بمرور الوقت، سرعتها تعتمد على المستوى. يتم حظر الخط العلوي حتى يتم توليده بالكامل. إذا لم يمكن توليد كتلة، اللعبة تنتهي.",جميع الأوضاع,بدون سحب,بدون خطأ,عدد الـتتريس,عدد الأخطاء,الخروج من الشرح؟,نعم,لا,اضغط بالزر الأيسر على الكتلة العادية: فتح الكتلة,اضغط بالزر الأيسر على كتلة السؤال: فتح الكتلة,اضغط بالزر الأيسر على الكتلة العادية: تمييز اللغم كعلم,اضغط بالزر الأيسر على كتلة السؤال: تمييز اللغم كعلم,اضغط بالزر الأيمن على الكتلة العادية: تمييز كسؤال,اضغط بالزر الأيمن على كتلة السؤال: إلغاء تمييز السؤال,"اضغط على الرقم: الكتلة = الرقم، تمييز الكتلة كعلم","اضغط على الرقم: العلم = الرقم، فتح الكتلة المتبقية","التمييز = الرقم: فتح الكتلة المتبقية، إلغاء تمييز السؤال؛ الكتلة = الرقم، تمييز الكتلة كعلم","التمييز = الرقم: فتح الكتلة المتبقية، تمييز اللغم كعلم؛ العلم = الرقم، فتح الكتلة المتبقية","الكتلة هي لغم: إضافة صفين في الأعلى، تمييز اللغم كعلم",كل ثانية: إضافة (المستوى / 5) + 1 كتلة ثابتة,كتلة ثابتة تملأ الصف العلوي: الكتلة الثابتة تصبح قابلة للنقر,"جميع الألغام في الصف مُميزة كأعلام: مسح الصف، إضافة نقطة واحدة","جميع الكتل غير الألغام في الصف مفتوحة: مسح الصف، إضافة نقطة واحدة","الصف < 4: تحفيز التتريس، إضافة 4 صفوف، إضافة 4 نقاط؛ التتريس المتتالي يضيف من 1 إلى 4 نقاط",النتيجة >= (المستوى + 1) * (المستوى + 1): الترقية,"سهل: 12x12، 2 لغم / صف","عادي: 16x16، 3 لغم / صف","صعب: 32x24، 6 لغم / صف"
brazilian,Campo Minado Tetris,Campo Minado Tetris já está em execução!,"Por favor, inicie o Campo Minado Tetris pelo Steam!",Inicialização do Steam falhou!,Falha ao carregar o status atual do usuário do Steam!,Campo Minado Tetris (32 bits),Versão 20221215 (Steam),Criado por ax_pokl,Licenciado sob GPL-3.0,OK,Inicializando Steam...,Inicializando Áudio...,Inicializando Tabuleiro de Jogo...,Inicializando Gráficos...,Inicializando Janela...,Fácil,Normal,Difícil,Novo Jogo,Pausa,Ad. Linha,Ajuda,Sobre,Configurações,Ranking,Som,Música,Modo Arrastar,Estatísticas,Skin,Captura,Sair,Zoom,Animação,Cursor,Ligado,Desligado,Sem Arrastar,Sem Números,Arrastar Número,Arrastar Tudo,Automático,Maximizar,Claro,Escuro,Minecraft,Gelo,Selva,Lava,Acumulado,Detalhes,x1,x1.5,x2,x2.5,x3,x3.5,x4,Tutorial,Clique com o botão esquerdo em um bloco para iniciar o jogo.,Número representa quantas minas estão nos blocos próximos. Clique com o botão esquerdo em outro bloco para continuar.,Existe apenas 1 bloco não aberto ao redor do número 1. Clique no número 1 para marcar o bloco como bandeira.,"Grade azul tem 1 mina e grade verde tem 2 minas, então o bloco vermelho deve ser uma mina. Clique com o botão direito para marcá-lo como ponto de interrogação.","Clique no número 1 para abrir o bloco restante, ponto de interrogação será automaticamente marcado como bandeira.",Existem apenas 2 blocos não abertos ao redor do número 2. Clique no número 2 para marcar os blocos restantes como bandeiras.,Todas as minas ao redor do número 2 estão marcadas com bandeiras. Clique no número 2 para abrir os blocos restantes.,"Novamente, clique no número 2 para abrir os blocos restantes.","Grade azul tem 1 mina e grade verde também tem 1 mina, então o bloco vermelho não deve ser uma mina. Clique com o botão esquerdo para abri-lo.","Minas no tabuleiro de jogo são logicamente imprevisíveis agora, vamos fazer um palpite aleatório e clicar com o botão direito em um bloco.",clique no número 2 para abrir os blocos restantes.,"Ops... Devido a um palpite errado, 2 linhas são adicionadas no topo, e minas são marcadas, e os blocos restantes são abertos. Clique no número 1 para abrir os blocos restantes.",Clique no número 1 para abrir os 2 blocos restantes.,"Todos os blocos nas 2 linhas inferiores são abertos, 2 linhas são limpas e 2 pontos são concedidos. Pontuação alta, nível alto, jogo difícil.","Novos blocos são gerados ao longo do tempo, sua velocidade é baseada no nível. A linha superior está bloqueada até ser totalmente gerada. Fim do jogo se nenhum bloco puder ser gerado.",Todos os Modos,Sem Arrastar,Sem Erro,Contagem de Tetris,Contagem de Erros,Sair do Tutorial?,Sim,Não,Pressione esquerda em bloco comum: abrir bloco,Pressione esquerda em bloco pergunta: abrir bloco,Pressione esquerda em bloco comum: marcar mina/bandeira,Pressione esquerda em bloco pergunta: marcar mina/bandeira,Pressione direita em bloco comum: marcar como pergunta,Pressione direita em bloco pergunta: remover pergunta,"Clique no número: bloco = número, marcar bloco como bandeira","Clique no número: bandeira = número, abrir bloco restante","Marcar = número: abrir bloco restante, desmarcar pergunta; bloco = número, marcar bloco como bandeira","Marcar = número: abrir bloco restante, marcar mina como bandeira; bandeira = número, abrir bloco restante","Bloco é mina: adicionar duas linhas no topo, marcar mina como bandeira",A cada segundo: adicionar (nível / 5) + 1 bloco fixo,Bloco fixo preenche linha superior: bloco fixo torna-se clicável,"Todas as minas na linha marcadas como bandeira: limpar linha, adicionar 1 ponto","Todos os blocos não-mina na linha abertos: limpar linha, adicionar 1 ponto","Linha < 4: acionar Tetris, adicionar 4 linhas, adicionar 4 pontos; Tetris consecutivos adicionam de 1 a 4 pontos",Pontuação >= (nível + 1) * (nível + 1): subir de nível,"Fácil: 12x12, 2 minas / linha","Normal: 16x16, 3 minas / linha","Difícil: 32x24, 6 minas / linha"
bulgarian,Миночистач Тетрис,Миночистач Тетрис вече работи!,"Моля, стартирайте Миночистач Тетрис от Steam!",Инициализацията на Steam се провали!,Зареждането на текущия потребителски статус в Steam се провали!,Миночистач Тетрис (32-битов),Версия 20221215 (Steam),Създадено от ax_pokl,Лицензирано под GPL-3.0,ОК,Инициализиране на Steam...,Инициализиране на аудиото...,Инициализиране на игралното поле...,Инициализиране на графиката...,Инициализиране на прозореца...,Лесно,Нормално,Трудно,Нова игра,Пауза,Добави ред,Помощ,Относно,Настройки,Класация,Звук,Музика,Влачене,Статистика,Кожа,Снимка,Изход,Увеличение,Анимация,Курсор,Включено,Изключено,Без влачене,Без номера,Влачене на номера,Влачене на всичко,Автоматично,Максимизиране,Ярко,Тъмно,Minecraft,Иней,Джунгла,Лава,Натрупано,Детайли,x1,x1.5,x2,x2.5,x3,x3.5,x4,Урок,"Кликнете с левия бутон върху блок, за да започнете играта.","Номерата представят колко мини има в близките блокове. Кликнете с левия бутон върху друг блок, за да продължите.","Има само 1 неотворен блок около номер 1. Кликнете върху номер 1, за да маркирате блока като флаг.","Синята решетка има 1 мина, а зелената решетка има 2 мини, така че червеният блок трябва да е мина. Кликнете с десния бутон, за да го маркирате като въпросителен знак.","Кликнете върху номер 1, за да отворите останалите блокове, въпросителният знак автоматично ще бъде маркиран като флаг.","Има само 2 неотворени блока около номер 2. Кликнете върху номер 2, за да маркирате останалите блокове като флагове.","Всички мини около номер 2 са маркирани с флагове. Кликнете върху номер 2, за да отворите останалите блокове.","Отново кликнете върху номер 2, за да отворите останалите блокове.","Синята решетка има 1 мина, а зелената решетка също има 1 мина, така че червеният блок не трябва да е мина. Кликнете с левия бутон, за да го отворите.","Мините на игралното поле вече са логически непредсказуеми, нека направим случаен избор и кликнете с десния бутон върху блок.","кликнете върху номер 2, за да отворите останалите блокове.","Опа... Поради грешен избор се добавят 2 реда отгоре, мините се маркират с флагове, а останалите блокове се отварят. Кликнете върху номер 1, за да отворите останалите блокове.","Кликнете върху номер 1, за да отворите останалите 2 блока.","Всички блокове в долните 2 реда са отворени, 2 реда са изчистени и са присъдени 2 точки. Висок резултат, високо ниво, трудна игра.","Новите блокове се генерират с течение на времето, скоростта им се основава на нивото. Горният ред е блокиран, докато не бъде напълно генериран. Играта приключва, ако не може да се генерира блок.",Всички режими,Без влачене,Без грешка,Брояч на Тетрис,Брояч на грешки,Изход от урока?,Да,Не,Ляв клик обикн. блок: отвори блок,Ляв клик въпр. блок: отвори блок,Ляв клик обикн. блок: мина маркирай като флаг,Ляв клик въпр. блок: мина маркирай като флаг,Десен клик обикн. блок: маркирай като въпрос,Десен клик въпр. блок: отмаркирай въпрос,"Кликни число: блок = число, маркирай блок като флаг","Кликни число: флаг = число, отвори ост. блок","Маркирай = число: отвори ост. блок, отмаркирай въпрос; блок = число, маркирай като флаг","Маркирай = число: отвори ост. блок, мина маркирай като флаг; флаг = число, отвори ост. блок","Блок е мина: добави два реда горе, мина маркирай като флаг",На всеки секунд: добави ( ниво / 5 ) + 1 фикс. блок,Фикс. блок пълни горен ред: фикс. блок става кликабилен,"Всички мини в ред маркирани като флаг: изчисти ред, добави 1 точка","Всички блокове не-мини в ред отворени: изчисти ред, добави 1 точка","Ред < 4: активирай Тетрис, добави 4 реда, добави 4 точки; последов. Тетрис добавя 1 до 4 точки",Резултат >= (ниво + 1) * (ниво + 1): изкачване на ниво,"Лесно: 12x12, 2 мини / ред","Нормално: 16x16, 3 мини / ред","Трудно: 32x24, 6 мини / ред"
czech,Minový Tetris,Minový Tetris již běží!,"Prosím, spusťte Minový Tetris ze Steamu!",Inicializace Steamu selhala!,Načtení stavu aktuálního uživatele Steamu selhalo!,Minový Tetris (32-bit),Verze 20221215 (Steam),Vytvořil ax_pokl,Licencováno pod GPL-3.0,OK,Inicializace Steamu...,Inicializace zvuku...,Inicializace herního pole...,Inicializace grafiky...,Inicializace okna...,Snadný,Normální,Těžký,Nová hra,Pauza,Přidat řád,Nápověda,O hře,Nastavení,Žebříček,Zvuk,Hudba,Táhnutí,Statistiky,Skin,Snímek,Konec,Zoom,Animace,Kurzor,Zapnuto,Vypnuto,Bez táhnutí,Bez čísel,Táhnutí čísel,Táhnutí všeho,Automaticky,Maximalizovat,Světlý,Tmavý,Minecraft,Mráz,Džungle,Láva,Součet,Detaily,x1,x1.5,x2,x2.5,x3,x3.5,x4,Návod,Kliknutím levého tlačítka na blok začnete hru.,"Čísla představují, kolik min je v sousedních blocích. Kliknutím levého tlačítka na jiný blok pokračujte.",Kolem čísla 1 je pouze 1 neotevřený blok. Kliknutím na číslo 1 označte blok vlajkou.,"Modrá mřížka má 1 minu a zelená mřížka má 2 miny, takže červený blok musí být mina. Kliknutím pravého tlačítka ho označte otazníkem.","Kliknutím na číslo 1 otevřete zbylé bloky, otazník se automaticky označí vlajkou.",Kolem čísla 2 jsou pouze 2 neotevřené bloky. Kliknutím na číslo 2 označte zbylé bloky vlajkami.,Všechny miny kolem čísla 2 jsou označeny vlajkami. Kliknutím na číslo 2 otevřete zbylé bloky.,Znovu kliknutím na číslo 2 otevřete zbylé bloky.,"Modrá mřížka má 1 minu a zelená mřížka také má 1 minu, takže červený blok nesmí být mina. Kliknutím levého tlačítka ho otevřete.","Míny na herním poli jsou nyní logicky nepředvídatelné, pojďme udělat náhodný tip a klikněte pravým tlačítkem na blok.",klikněte na číslo 2 k otevření zbývajících bloků.,"Jejda... Kvůli špatnému tipu jsou přidány 2 řádky nahoře, míny jsou označeny vlajkami a zbývající bloky jsou otevřeny. Klikněte na číslo 1 k otevření zbývajících bloků.",Klikněte na číslo 1 k otevření zbývajících 2 bloků.,"Všechny bloky ve spodních 2 řádcích jsou otevřeny, 2 řádky jsou vyčištěny a jsou uděleny 2 body. Vysoké skóre, vysoká úroveň, těžká hra.","Nové bloky se generují v průběhu času, jejich rychlost závisí na úrovni. Horní řádek je zablokován, dokud není plně vygenerován. Hra končí, pokud nemůže být vygenerován žádný blok.",Všechny režimy,Bez táhnutí,Bez chyby,Počet Tetrisů,Počet chyb,Ukončit návod?,Ano,Ne,Levý klik na běžný blok: otevřít blok,Levý klik na otazníkový blok: otevřít blok,Levý klik na běžný blok: označit minu jako vlajku,Levý klik na otazníkový blok: označit minu jako vlajku,Pravý klik na běžný blok: označit jako otázku,Pravý klik na otazníkový blok: odznačit otázku,"Kliknout na číslo: blok = číslo, označit blok jako vlajku","Kliknout na číslo: vlajka = číslo, otevřít zbytek bloku","Označení = číslo: otevřít zbytek bloku, odznačit otázku; blok = číslo, označit jako vlajku","Označení = číslo: otevřít zbytek bloku, označit minu jako vlajku; vlajka = číslo, otevřít zbytek bloku","Blok je mina: přidat dva řady nahoru, označit minu jako vlajku",Každou sekundu: přidat ( úroveň / 5 ) + 1 fixní blok,Fixní blok zaplní horní řadu: fixní blok se stane klikatelným,"Všechny miny v řadě označeny jako vlajky: vyčistit řadu, přidat 1 bod","Všechny ne-minové bloky v řadě otevřené: vyčistit řadu, přidat 1 bod","Řada < 4: spustit Tetris, přidat 4 řady, přidat 4 body; následné Tetris přidá 1 až 4 body",Skóre >= (úroveň + 1) * (úroveň + 1): postup na vyšší úroveň,"Snadný: 12x12, 2 miny / řádek","Normální: 16x16, 3 miny / řádek","Těžký: 32x24, 6 min / řádek"
danish,Minerydder Tetris,Minerydder Tetris kører allerede!,Venligst start Minerydder Tetris fra Steam!,Initialisering af Steam mislykkedes!,Indlæsning af Steam nuværende brugerstatus mislykkedes!,Minerydder Tetris (32-bit),Version 20221215 (Steam),Lavet af ax_pokl,Licenseret under GPL-3.0,OK,Initialiserer Steam...,Initialiserer lyd...,Initialiserer spilleplade...,Initialiserer grafik...,Initialiserer vindue...,Nem,Normal,Svær,Nyt spil,Pause,Tilføj linje,Hjælp,Om,Indstillinger,Topliste,Lyd,Musik,Træk,Statistik,Skin,Skærm,Afslut,Zoom,Animation,Cursor,Tændt,Slukket,Ingen træk,Ingen numre,Træk numre,Træk alt,Automatisk,Maksimer,Lys,Mørk,Minecraft,Frost,Jungle,Lava,Akkumuleret,Detaljer,x1,x1.5,x2,x2.5,x3,x3.5,x4,Vejledning,Venstreklik på en blok for at starte spillet.,"Numre repræsenterer, hvor mange miner der er i nærliggende blokke. Venstreklik på en anden blok for at fortsætte.",Der er kun 1 uåbnet blok omkring nummer 1. Klik på nummer 1 for at markere blokken som flag.,"Blåt gitter har 1 mine, og grønt gitter har 2 miner, så den røde blok skal være en mine. Højreklik for at markere det som et spørgsmålstegn.","Klik på nummer 1 for at åbne de resterende blokke, spørgsmålstegnet vil automatisk blive markeret som flag.",Der er kun 2 uåbnede blokke omkring nummer 2. Klik på nummer 2 for at markere de resterende blokke som flag.,Alle miner omkring nummer 2 er markeret med flag. Klik på nummer 2 for at åbne de resterende blokke.,"Igen, klik på nummer 2 for at åbne de resterende blokke.","Blåt gitter har 1 mine, og grønt gitter har også 1 mine, så den røde blok skal ikke være en mine. Venstreklik for at åbne den.","Miner på spillebrættet er logisk uforudsigelige nu, lad os lave en tilfældig gætning og højreklik på en blok.",klik på nummer 2 for at åbne de resterende blokke.,"Ups... På grund af forkert gætning tilføjes 2 linjer øverst, og miner markeres med flag, og de resterende blokke åbnes. Klik på nummer 1 for at åbne de resterende blokke.",Klik på nummer 1 for at åbne de resterende 2 blokke.,"Alle blokke i de nederste 2 linjer er åbnet, 2 linjer er ryddet, og 2 point er tildelt. Høj score, højt niveau, svært spil.","Nye blokke genereres over tid, deres hastighed er baseret på niveau. Øverste linje er blokeret, indtil den er fuldt genereret. Spillet er over, hvis ingen blok kan genereres.",Alle tilstande,Ingen træk,Ingen fejl,Tetris-tæller,Fejltæller,Afslut vejledning?,Ja,Nej,Venstreklik på almindelig blok: åben blok,Venstreklik på spørgsmålsblok: åben blok,Venstreklik på almindelig blok: markér mine som flag,Venstreklik på spørgsmålsblok: markér mine som flag,Højreklik på almindelig blok: markér som spørgsmål,Højreklik på spørgsmålsblok: fjern markering af spørgsmål,"Klik på nummer: blok = nummer, markér blok som flag","Klik på nummer: flag = nummer, åbn resterende blok","Markér = nummer: åbn resterende blok, fjern markering af spørgsmål; blok = nummer, markér blok som flag","Markér = nummer: åbn resterende blok, markér mine som flag; flag = nummer, åbn resterende blok","Blok er mine: tilføj to rækker øverst, markér mine som flag",Hvert sekund: tilføj (niveau / 5) + 1 fast blok,Fast blok fylder øverste række: fast blok bliver klikbar,"Alle miner i rækken markeret som flag: ryd række, tilføj 1 point","Alle ikke-miner blokke i rækken åbnet: ryd række, tilføj 1 point","Række < 4: udløs Tetris, tilføj 4 rækker, tilføj 4 point; konsekutiv Tetris tilføjer 1 til 4 point",Score >= (niveau + 1) * (niveau + 1): ryk op,"Let: 12x12, 2 miner / række","Normal: 16x16, 3 miner / række","Svær: 32x24, 6 miner / række"
dutch,Mijnenveger Tetris,Mijnenveger Tetris draait al!,Start Mijnenveger Tetris vanuit Steam!,Initialisatie van Steam mislukt!,Laden van huidige gebruikersstatus van Steam mislukt!,Mijnenveger Tetris (32-bits),Versie 20221215 (Steam),Gemaakt door ax_pokl,Gelicentieerd onder GPL-3.0,OK,Steam initialiseren...,Audio initialiseren...,Spelbord initialiseren...,Grafische weergave initialiseren...,Venster initialiseren...,Makkelijk,Normaal,Moeilijk,Nieuw Spel,Pauze,Voeg lijn toe,Help,Over,Instellingen,Ranglijst,Geluid,Muziek,Sleep,Statistieken,Skin,Scherm,Afsluiten,Zoom,Animatie,Cursor,Aan,Uit,Geen Sleep,Geen Nummer,Sleep Nummer,Sleep Alles,Automatisch,Maximaliseren,Helder,Donker,Minecraft,Vorst,Jungle,Lava,Cumulatief,Details,x1,x1.5,x2,x2.5,x3,x3.5,x4,Handleiding,Klik met de linkermuisknop op een blok om het spel te starten.,Nummer geeft aan hoeveel mijnen er in de nabijgelegen blokken zijn. Klik met de linkermuisknop op een ander blok om door te gaan.,Er is slechts 1 ongeopend blok rond nummer 1. Klik op nummer 1 om het blok als vlag te markeren.,"Blauw raster heeft 1 mijn en groen raster heeft 2 mijnen, dus rood blok moet mijn zijn. Klik met de rechtermuisknop om het als vraagteken te markeren.","Klik op nummer 1 om het resterende blok te openen, vraagteken wordt automatisch als vlag gemarkeerd.",Er zijn slechts 2 ongeopende blokken rond nummer 2. Klik op nummer 2 om de resterende blokken als vlaggen te markeren.,Alle mijnen rond nummer 2 zijn gemarkeerd met vlaggen. Klik op nummer 2 om de resterende blokken te openen.,"Nogmaals, klik op nummer 2 om de resterende blokken te openen.","Blauw raster heeft 1 mijn en groen raster heeft ook 1 mijn, dus rood blok moet geen mijn zijn. Klik met de linkermuisknop om het te openen.","Mijnen op het spelbord zijn nu logisch onvoorspelbaar, laten we een willekeurige gok maken en met de rechtermuisknop op een blok klikken.",klik op nummer 2 om de resterende blokken te openen.,"Oeps... Door verkeerde gok worden 2 lijnen bovenaan toegevoegd, en mijnen zijn gemarkeerd, en de resterende blokken worden geopend. Klik op nummer 1 om de resterende blokken te openen.",Klik op nummer 1 om de resterende 2 blokken te openen.,"Alle blokken in de onderste 2 lijnen zijn geopend, 2 lijnen worden gewist en 2 punten worden toegekend. Hoge score, hoog niveau, moeilijk spel.","Nieuwe blokken worden gegenereerd na verloop van tijd, de snelheid is gebaseerd op het niveau. Bovenste lijn is geblokkeerd tot volledig gegenereerd. Spel over als geen blok kan worden gegenereerd.",Alle Modus,Geen Sleep,Geen Fout,Tetris Telling,Fout Telling,Tutorial Verlaten?,Ja,Nee,Klik met de linkermuisknop op een gewoon blok: open blok,Klik met de linkermuisknop op een vraagblok: open blok,Klik met de linkermuisknop op een gewoon blok: markeer mijn als vlag,Klik met de linkermuisknop op een vraagblok: markeer mijn als vlag,Klik met de rechtermuisknop op een gewoon blok: markeer als vraag,Klik met de rechtermuisknop op een vraagblok: ongemarkeerd vraag,"Klik op nummer: blok = nummer, markeer blok als vlag","Klik op nummer: vlag = nummer, open resterend blok","Markeer = nummer: open resterend blok, ongemarkeerd vraag; blok = nummer, markeer blok als vlag","Markeer = nummer: open resterend blok, markeer mijn als vlag; vlag = nummer, open resterend blok","Blok is mijn: voeg twee rijen bovenaan toe, markeer mijn als vlag",Elke seconde: voeg (niveau / 5) + 1 vast blok toe,Vast blok vult bovenste rij: vast blok wordt klikbaar,"Alle mijnen in rij gemarkeerd als vlag: rij schoon, voeg 1 punt toe","Alle niet-mijn blokken in rij geopend: rij schoon, voeg 1 punt toe","Rij < 4: activeer Tetris, voeg 4 rijen toe, voeg 4 punten toe; opeenvolgende Tetris voegt 1 tot 4 punten toe",Score >= (niveau + 1) * (niveau + 1): niveau omhoog,"Makkelijk: 12x12, 2 mijnen / rij","Normaal: 16x16, 3 mijnen / rij","Moeilijk: 32x24, 6 mijnen / rij"
english,MineSweeper Tetris,MineSweeper Tetris is already running!,Please launch MineSweeper Tetris from Steam!,Steam initialization failed!,Steam current user status load failed!,MineSweeper Tetris (32-bit),Version 20221215 (Steam),Made by ax_pokl,Licensed under GPL-3.0,OK,Initializing Steam...,Initializing Audio...,Initializing Gameboard...,Initializing Graphics...,Initializing Window...,Easy,Normal,Hard,New Game,Pause,Add Line,Help,About,Settings,Ranks,Sound,Music,Drag,Stats,Skin,Screenshot,Exit,Zoom,Animation,Cursor,On,Off,No Drag,No Number,Drag Number,Drag All,Automatic,Maximize,Bright,Dark,Minecraft,Frost,Jungle,Lava,Cumulative,Details,x1,x1.5,x2,x2.5,x3,x3.5,x4,Tutorial,Left-click a block to start game.,Number represent how many mines are in nearby blocks. Left-click another block to continue.,There is only 1 unopened block around number 1. Click number 1 to mark block as flag.,"Blue grid has 1 mine and green grid has 2 mines, so red block must be mine. Right-click to mark it as question mark.","Click number 1 to open remain block, question mark will automatically marked as flag.",There are only 2 unopened blocks around number 2. Click number 2 to mark remain blocks as flags.,All mines around number 2 are marked with flags. Click number 2 to open remain blocks.,"Again, click number 2 to open remain blocks.","Blue grid has 1 mine and green grid has also 1 mine, so red block must not be mine. Left-click to open it.","Mines on game board are logically unpredictable now, let's make random guess and right-click a block.",click number 2 to open remain blocks.,"Oops... Due to wrong guess, 2 lines are added at top, and mines are flagged, and remain blocks are opened. Click number 1 to open remain blocks.",Click number 1 to open remain 2 blocks.,"All blocks in bottom 2 lines are opened, 2 lines are cleard and 2 points are awarded. High score, high level, hard game.","New blocks are generated over time, its speed based on level. Top line is blocked until fully generated. Game over if no block can be generated.",All Mode,No Drag,No Mistake,Tetris Count,Mistake Count,Exit Tutorial?,Yes,No,Left-click regular block: open block,Left-click question block: open block,Left-click regular block: mine mark as flag,Left-click question block: mine mark as flag,Right-click regular block: mark as question,Right-click question block: unmark question,"Click number: block = number, mark block as flag","Click number: flag = number, open remain block","Mark = number: open remain block, unmark question; block = number, mark block as flag","Mark = number: open remain block, mine mark as flag; flag = number, open remain block","Block is mine: add two row top, mine mark as flag",Every second: add ( level / 5 ) + 1 fix block,Fix block fill top row: fix block become clickable,"All mine in row mark as flag: row clear, add 1 point","All non-mine block in row open: row clear, add 1 point","Row < 4: trigger Tetris, add 4 row, add 4 point; consecutive Tetris add 1 to 4 point",Score >= ( level + 1 ) * ( level + 1 ): level up,"Easy: 12x12, 2 mine / row","Normal: 16x16, 3 mine / row","Hard: 32x24, 6 mine / row"
finnish,Miinaharava Tetris,Miinaharava Tetris on jo käynnissä!,Käynnistä Miinaharava Tetris Steamista!,Steamin alustus epäonnistui!,Steamin nykyisen käyttäjän tilan lataus epäonnistui!,Miinaharava Tetris (32-bittinen),Versio 20221215 (Steam),Tekijä: ax_pokl,Lisensoitu GPL-3.0:n alaisuudessa,OK,Alustetaan Steam...,Alustetaan Ääntä...,Alustetaan Pelilautaa...,Alustetaan Grafiikkaa...,Alustetaan Ikkunaa...,Helppo,Normaali,Vaikea,Uusi Peli,Tauko,Lisää rivi,Apua,Tietoja,Asetukset,Lista,Ääni,Musiikki,Raahaus,Tilastot,Ulkoasu,Kuva,Poistu,Zoomaus,Animaatio,Kursori,Päällä,Pois,Ei Raahausta,Ei Numeroa,Raahaa Numero,Raahaa Kaikki,Automaattinen,Suurenna,Kirkas,Tumma,Minecraft,Huurre,Viidakko,Laava,Kumulatiivinen,Yksityiskohdat,x1,x1.5,x2,x2.5,x3,x3.5,x4,Opas,Klikkaa palikkaa aloittaaksesi pelin.,"Numero kertoo, kuinka monta miinaa on lähellä olevissa palikoissa. Klikkaa toista palikkaa jatkaaksesi.",Ympärillä on vain yksi avaamaton palikka numeron 1 kohdalla. Klikkaa numeroa 1 merkitäksesi palikan lipulla.,"Sinisessä ruudukossa on yksi miina ja vihreässä kaksi, joten punaisen palikan täytyy olla miina. Klikkaa oikealla merkitäksesi sen kysymysmerkillä.","Klikkaa numeroa 1 avataksesi jäljellä olevan palikan, kysymysmerkki merkitään automaattisesti lipulla.",Ympärillä on vain kaksi avaamatonta palikkaa numeron 2 kohdalla. Klikkaa numeroa 2 merkitäksesi jäljellä olevat palikat lipuilla.,Kaikki miinat numeron 2 ympärillä on merkitty lipuilla. Klikkaa numeroa 2 avataksesi jäljellä olevat palikat.,"Taas, klikkaa numeroa 2 avataksesi jäljellä olevat palikat.","Sinisessä ruudukossa on yksi miina ja vihreässä myös yksi, joten punaisen palikan ei pitäisi olla miina. Klikkaa vasemmalla avataksesi sen.","Miinat pelilaudalla ovat nyt loogisesti arvaamattomia, tehdään satunnainen arvaus ja klikataan palikkaa oikealla.",klikkaa numeroa 2 avataksesi jäljellä olevat palikat.,"Hups... Väärän arvauksen vuoksi yläosaan lisätään kaksi riviä, ja miinat merkitään lipuilla, ja jäljellä olevat palikat avataan. Klikkaa numeroa 1 avataksesi jäljellä olevat palikat.",Klikkaa numeroa 1 avataksesi jäljellä olevat kaksi palikkaa.,"Kaikki alimman kahden rivin palikat avataan, kaksi riviä tyhjennetään ja kaksi pistettä myönnetään. Korkea piste, korkea taso, vaikea peli.","Uusia palikoita syntyy ajan myötä, niiden nopeus perustuu tasoon. Ylin rivi on estetty, kunnes se on täysin muodostunut. Peli päättyy, jos palikoita ei voida muodostaa.",Kaikki Tavat,Ei Raahausta,Ei Virhettä,Tetriskerrat,Virhekerrat,Poistu Ohjeesta?,Kyllä,Ei,Klikkaa vasemmalla tavallista palikkaa: avaa palikka,Klikkaa vasemmalla kysymyspalikkaa: avaa palikka,Klikkaa vasemmalla tavallista palikkaa: merkitse miina lipulla,Klikkaa vasemmalla kysymyspalikkaa: merkitse miina lipulla,Klikkaa oikealla tavallista palikkaa: merkitse kysymykseksi,Klikkaa oikealla kysymyspalikkaa: poista kysymysmerkintä,"Klikkaa numeroa: palikka = numero, merkitse palikka lipulla","Klikkaa numeroa: lippu = numero, avaa jäljellä oleva palikka","Merkki = numero: avaa jäljellä oleva palikka, poista kysymysmerkintä; palikka = numero, merkitse palikka lipulla","Merkki = numero: avaa jäljellä oleva palikka, merkitse miina lipulla; lippu = numero, avaa jäljellä oleva palikka","Palikka on miina: lisää kaksi riviä yläpuolelle, merkitse miina lipulla",Joka sekunti: lisää (taso / 5) + 1 kiinteä palikka,Kiinteä palikka täyttää ylärivin: kiinteästä palikasta tulee klikattava,"Kaikki rivin miinat merkitty lipuilla: rivi tyhjenee, lisää 1 piste","Kaikki rivin miinattomat palikat avattu: rivi tyhjenee, lisää 1 piste","Rivi < 4: laukaisee Tetriksen, lisää 4 riviä, lisää 4 pistettä; peräkkäiset Tetriskerrat lisäävät 1 - 4 pistettä",Pisteet ≥ (taso + 1) * (taso + 1): tasoa korotetaan,"Helppo: 12x12, 2 miinaa / rivi","Normaali: 16x16, 3 miinaa / rivi","Vaikea: 32x24, 6 miinaa / rivi"
french,Démineur Tetris,Démineur Tetris est déjà en cours d'exécution !,Veuillez lancer Démineur Tetris depuis Steam !,Échec de l'initialisation de Steam !,Échec du chargement du statut de l'utilisateur actuel de Steam !,Démineur Tetris (32 bits),Version 20221215 (Steam),Créé par ax_pokl,Sous licence GPL-3.0,OK,Initialisation de Steam...,Initialisation de l'Audio...,Initialisation du Plateau de Jeu...,Initialisation des Graphismes...,Initialisation de la Fenêtre...,Facile,Normal,Difficile,Nouveau Jeu,Pause,Aj. Ligne,Aide,À propos,Paramètres,Classement,Son,Musique,Glisser,Stats,Skin,Capture,Quitter,Zoom,Animation,Curseur,Activé,Désactivé,Pas de Glisser,Pas de Numéro,Glisser les Numéros,Glisser Tout,Automatique,Maximiser,Lumineux,Sombre,Minecraft,Givre,Jungle,Lave,Cumulatif,Détails,x1,x1.5,x2,x2.5,x3,x3.5,x4,Tutoriel,Cliquez avec le bouton gauche sur un bloc pour commencer le jeu.,Le numéro indique combien de mines se trouvent dans les blocs voisins. Cliquez avec le bouton gauche sur un autre bloc pour continuer.,Il n'y a qu'1 bloc non ouvert autour du numéro 1. Cliquez sur le numéro 1 pour marquer le bloc comme un drapeau.,"La grille bleue a 1 mine et la grille verte en a 2, donc le bloc rouge doit être une mine. Cliquez avec le bouton droit pour le marquer comme un point d'interrogation.","Cliquez sur le numéro 1 pour ouvrir le bloc restant, le point d'interrogation sera automatiquement marqué comme un drapeau.",Il n'y a que 2 blocs non ouverts autour du numéro 2. Cliquez sur le numéro 2 pour marquer les blocs restants comme des drapeaux.,Toutes les mines autour du numéro 2 sont marquées de drapeaux. Cliquez sur le numéro 2 pour ouvrir les blocs restants.,"Encore une fois, cliquez sur le numéro 2 pour ouvrir les blocs restants.","La grille bleue a 1 mine et la grille verte en a également 1, donc le bloc rouge ne doit pas être une mine. Cliquez avec le bouton gauche pour l'ouvrir.","Les mines sur le plateau de jeu sont maintenant logiquement imprévisibles, faisons une supposition aléatoire et cliquez avec le bouton droit sur un bloc.",cliquez sur le numéro 2 pour ouvrir les blocs restants.,"Oups... À cause d'une mauvaise supposition, 2 lignes sont ajoutées en haut, et les mines sont marquées, et les blocs restants sont ouverts. Cliquez sur le numéro 1 pour ouvrir les blocs restants.",Cliquez sur le numéro 1 pour ouvrir les 2 blocs restants.,"Tous les blocs des 2 lignes inférieures sont ouverts, 2 lignes sont effacées et 2 points sont attribués. Score élevé, niveau élevé, jeu difficile.","De nouveaux blocs sont générés avec le temps, leur vitesse est basée sur le niveau. La ligne supérieure est bloquée jusqu'à ce qu'elle soit entièrement générée. Fin du jeu si aucun bloc ne peut être généré.",Tous les Modes,Pas de Glisser,Pas d'Erreur,Compte Tetris,Compte des Erreurs,Quitter le Tutoriel ?,Oui,Non,Clic gauche sur bloc ordinaire: ouvrir bloc,Clic gauche sur bloc question: ouvrir bloc,Clic gauche sur bloc ordinaire: marquer mine comme drapeau,Clic gauche sur bloc question: marquer mine comme drapeau,Clic droit sur bloc ordinaire: marquer comme question,Clic droit sur bloc question: démarquer question,"Cliquer sur nombre: bloc = nombre, marquer bloc comme drapeau","Cliquer sur nombre: drapeau = nombre, ouvrir reste bloc","Marque = nombre: ouvrir reste bloc, démarquer question; bloc = nombre, marquer comme drapeau","Marque = nombre: ouvrir reste bloc, marquer mine comme drapeau; drapeau = nombre, ouvrir reste bloc","Bloc est mine: ajouter deux lignes en haut, marquer mine comme drapeau",Chaque seconde: ajouter ( niveau / 5 ) + 1 bloc fixe,Bloc fixe remplit ligne supérieure: bloc fixe devient cliquable,"Toutes mines dans ligne marquées comme drapeau: nettoyer ligne, ajouter 1 point","Tous blocs non-mines dans ligne ouverts: nettoyer ligne, ajouter 1 point","Ligne < 4: déclencher Tetris, ajouter 4 lignes, ajouter 4 points; Tetris consécutifs ajoutent 1 à 4 points",Score >= ( niveau + 1 ) * ( niveau + 1 ): monter niveau,"Facile: 12x12, 2 mines / ligne","Normal: 16x16, 3 mines / ligne","Difficile: 32x24, 6 mines / ligne"
german,Minesweeper Tetris,Minesweeper Tetris läuft bereits!,Bitte starte Minesweeper Tetris über Steam!,Steam-Initialisierung fehlgeschlagen!,Laden des aktuellen Steam-Benutzerstatus fehlgeschlagen!,Minesweeper Tetris (32-Bit),Version 20221215 (Steam),Erstellt von ax_pokl,Lizenziert unter GPL-3.0,OK,Initialisiere Steam...,Initialisiere Audio...,Initialisiere Spielbrett...,Initialisiere Grafik...,Initialisiere Fenster...,Einfach,Normal,Schwer,Neues Spiel,Pause,Zeile hinzu,Hilfe,Über,Einstellungen,Rangliste,Ton,Musik,Ziehen,Statistik,Skin,Screenshot,Beenden,Zoom,Animation,Cursor,Ein,Aus,Kein Ziehen,Keine Nummer,Nummer ziehen,Alles ziehen,Automatisch,Maximieren,Hell,Dunkel,Minecraft,Frost,Dschungel,Lava,Kumulativ,Details,x1,x1.5,x2,x2.5,x3,x3.5,x4,Tutorial,"Linksklick auf einen Block, um das Spiel zu starten.","Zahlen zeigen, wie viele Minen in den umliegenden Blöcken sind. Linksklick auf einen anderen Block, um fortzufahren.","Es gibt nur 1 uneröffneten Block um die Zahl 1. Klicke auf die Zahl 1, um den Block als Flagge zu markieren.","Das blaue Gitter hat 1 Mine und das grüne Gitter hat 2 Minen, also muss der rote Block eine Mine sein. Rechtsklick, um ihn als Fragezeichen zu markieren.","Klicke auf die Zahl 1, um die verbleibenden Blöcke zu öffnen, das Fragezeichen wird automatisch als Flagge markiert.","Es gibt nur 2 uneröffnete Blöcke um die Zahl 2. Klicke auf die Zahl 2, um die verbleibenden Blöcke als Flaggen zu markieren.","Alle Minen um die Zahl 2 sind mit Flaggen markiert. Klicke auf die Zahl 2, um die verbleibenden Blöcke zu öffnen.","Nochmals, klicke auf die Zahl 2, um die verbleibenden Blöcke zu öffnen.","Das blaue Gitter hat 1 Mine und das grüne Gitter hat auch 1 Mine, also darf der rote Block keine Mine sein. Linksklick, um ihn zu öffnen.","Die Minen auf dem Spielbrett sind jetzt logisch unvorhersehbar, machen wir eine zufällige Vermutung und rechtsklicken auf einen Block.","klicke auf die Zahl 2, um die verbleibenden Blöcke zu öffnen.","Hoppla... Durch eine irrige Annahme entstehen oben 2 Zeilen, Minen markieren wir mit Flaggen und öffnen die restlichen Blöcke. Tippe auf die Zahl 1, um restliche Blöcke zu öffnen.","Klicke auf die Zahl 1, um die verbleibenden 2 Blöcke zu öffnen.","Alle Blöcke in den unteren 2 Zeilen sind geöffnet, 2 Zeilen werden gelöscht und 2 Punkte werden vergeben. Hohe Punktzahl, hohes Niveau, schweres Spiel.","Neue Blöcke werden über die Zeit generiert, ihre Geschwindigkeit basiert auf dem Niveau. Die oberste Zeile ist blockiert, bis sie vollständig generiert ist. Das Spiel ist vorbei, wenn kein Block generiert werden kann.",Alle Modi,Kein Ziehen,Kein Fehler,Tetris-Zähler,Fehler-Zähler,Tutorial beenden?,Ja,Nein,Linksklick auf normalen Block: Block öffnen,Linksklick auf Frageblock: Block öffnen,Linksklick auf normalen Block: Mine als Flagge markieren,Linksklick auf Frageblock: Mine als Flagge markieren,Rechtsklick auf normalen Block: als Frage markieren,Rechtsklick auf Frageblock: Fragezeichen entfernen,"Klick auf Zahl: Block = Zahl, Block als Flagge markieren","Klick auf Zahl: Flagge = Zahl, Restblock öffnen","Markierung = Zahl: Restblock öffnen, Fragezeichen entfernen; Block = Zahl, als Flagge markieren","Markierung = Zahl: Restblock öffnen, Mine als Flagge markieren; Flagge = Zahl, Restblock öffnen","Block ist Mine: zwei Reihen oben hinzufügen, Mine als Flagge markieren",Jede Sekunde: (Niveau / 5) + 1 festen Block hinzufügen,Fester Block füllt obere Reihe: fester Block wird klickbar,"Alle Minen in Reihe als Flagge markiert: Reihe säubern, 1 Punkt hinzufügen","Alle Nicht-Minen-Blöcke in Reihe öffnen: Reihe säubern, 1 Punkt hinzufügen","Reihe < 4: Tetris auslösen, 4 Reihen hinzufügen, 4 Punkte hinzufügen; aufeinanderfolgendes Tetris fügt 1 bis 4 Punkte hinzu",Punktzahl >= (Niveau + 1) * (Niveau + 1): Levelaufstieg,"Einfach: 12x12, 2 Minen / Reihe","Normal: 16x16, 3 Minen / Reihe","Schwer: 32x24, 6 Minen / Reihe"
greek,Ναρκαλιευτής Τέτρις,Το Ναρκαλιευτής Τέτρις λειτουργεί ήδη!,Παρακαλώ εκκινήστε το Ναρκαλιευτής Τέτρις από το Steam!,Αποτυχία αρχικοποίησης Steam!,Αποτυχία φόρτωσης κατάστασης τρέχοντος χρήστη Steam!,Ναρκαλιευτής Τέτρις (32-bit),Έκδοση 20221215 (Steam),Δημιουργία από ax_pokl,Άδεια χρήσης GPL-3.0,Εντάξει,Αρχικοποίηση Steam...,Αρχικοποίηση Ήχου...,Αρχικοποίηση Πίνακα Παιχνιδιού...,Αρχικοποίηση Γραφικών...,Αρχικοποίηση Παραθύρου...,Εύκολο,Κανονικό,Δύσκολο,Νέο Παιχνίδι,Παύση,Προσθ. Γραμμή,Βοήθεια,Σχετικά,Ρυθμίσεις,Κατάταξη,Ήχος,Μουσική,Σύρση,Στατιστικά,Επιδερμίδα,Στιγμιότυπο,Έξοδος,Ζουμ,Κίνηση,Κέρσορας,Ενεργό,Ανενεργό,Χωρίς Σύρση,Χωρίς Αριθμό,Σύρση Αριθμού,Σύρση Όλων,Αυτόματο,Μεγιστοποίηση,Φωτεινό,Σκοτεινό,Minecraft,Παγετός,Ζούγκλα,Λάβα,Συσσωρευτικό,Λεπτομέρειες,x1,x1.5,x2,x2.5,x3,x3.5,x4,Οδηγός,Κάντε αριστερό κλικ σε ένα μπλοκ για να ξεκινήσει το παιχνίδι.,Ο αριθμός δείχνει πόσες νάρκες υπάρχουν σε κοντινά μπλοκ. Κάντε αριστερό κλικ σε άλλο μπλοκ για να συνεχίσετε.,Υπάρχει μόνο 1 ανοιχτό μπλοκ γύρω από τον αριθμό 1. Κάντε κλικ στον αριθμό 1 για να σημάνετε το μπλοκ ως σημαία.,"Το μπλε πλαίσιο έχει 1 νάρκη και το πράσινο πλαίσιο έχει 2 νάρκες, οπότε το κόκκινο μπλοκ πρέπει να είναι νάρκη. Κάντε δεξί κλικ για να το σημειώσετε ως ερωτηματικό.","Κάντε κλικ στον αριθμό 1 για να ανοίξετε το υπόλοιπο μπλοκ, το ερωτηματικό θα σημειωθεί αυτόματα ως σημαία.",Υπάρχουν μόνο 2 ανοιχτά μπλοκ γύρω από τον αριθμό 2. Κάντε κλικ στον αριθμό 2 για να σημάνετε τα υπόλοιπα μπλοκ ως σημαίες.,Όλες οι νάρκες γύρω από τον αριθμό 2 είναι σημασμένες με σημαίες. Κάντε κλικ στον αριθμό 2 για να ανοίξετε τα υπόλοιπα μπλοκ.,"Ξανά, κάντε κλικ στον αριθμό 2 για να ανοίξετε τα υπόλοιπα μπλοκ.","Το μπλε πλαίσιο έχει 1 νάρκη και το πράσινο πλαίσιο έχει επίσης 1 νάρκη, οπότε το κόκκινο μπλοκ δεν πρέπει να είναι νάρκη. Κάντε αριστερό κλικ για να το ανοίξετε.","Οι νάρκες στον πίνακα παιχνιδιού είναι λογικά απρόβλεπτες τώρα, ας κάνουμε τυχαία εικασία και δεξί κλικ σε ένα μπλοκ.",κάντε κλικ στον αριθμό 2 για να ανοίξετε τα υπόλοιπα μπλοκ.,"Ωχ... Εξαιτίας λανθασμένης εικασίας, προστίθενται 2 γραμμές επάνω, και οι νάρκες τεθείκαν, και τα λοιπά μπλοκ ανοίγουν. Πατήστε τον αριθμό 1 για να ανοίξετε τα υπόλοιπα μπλοκ.",Κάντε κλικ στον αριθμό 1 για να ανοίξετε τα υπόλοιπα 2 μπλοκ.,"Όλα τα μπλοκ στις κάτω 2 γραμμές ανοίγουν, 2 γραμμές καθαρίζονται και απονέμονται 2 πόντοι. Υψηλό σκορ, υψηλό επίπεδο, δύσκολο παιχνίδι.","Νέα μπλοκ αναπτύσσονται με τον χρόνο, η ταχύτητά τους εξαρτάται από το επίπεδο. Η πρώτη γραμμή είναι μπλοκαρισμένη μέχρι να σχηματιστεί πλήρως. Το παιχνίδι τερματίζει αν δεν μπορεί να σχηματιστεί μπλοκ.",Όλες οι Λειτουργίες,Χωρίς Σύρση,Χωρίς Λάθος,Μέτρηση Τέτρις,Μέτρηση Λαθών,Έξοδος από Εκπαίδευση;,Ναι,Όχι,Αριστ. κλικ συνηθ. μπλοκ: άνοιγμα μπλοκ,Αριστ. κλικ ερωτ. μπλοκ: άνοιγμα μπλοκ,Αριστ. κλικ συνηθ. μπλοκ: σημαία σε μίνα,Αριστ. κλικ ερωτ. μπλοκ: σημαία σε μίνα,Δεξί κλικ συνηθ. μπλοκ: σήμανση ως ερωτ.,Δεξί κλικ ερωτ. μπλοκ: αποεπιλογή ερωτ.,"Κλικ αριθμός: μπλοκ = αριθ., σήμανση σημαία","Κλικ αριθμός: σημαία = αριθ., ανοίγμα υπολ. μπλοκ","Σήμανση = αριθμ.: ανοίγμα υπολ. μπλοκ, αφαίρεση σήμανσης ερώτησης; μπλοκ = αριθμ., σήμανση σημαία","Σήμανση = αριθμ.: ανοίγμα υπολ. μπλοκ, σημαία σε μίνα; σημαία = αριθμ., ανοίγμα υπολ. μπλοκ","Μπλοκ είναι μίνα: προσθ. δύο γραμμές πάνω, σημαία σε μίνα",Κάθε δευτ.: προσθ. ( επίπεδο / 5 ) + 1 σταθ. μπλοκ,Σταθ. μπλοκ γεμίζει πάνω γραμμή: σταθ. μπλοκ γίνεται κλικάβλητο,"Όλες μίνες σε γραμμή σημειωμένες: καθαρισμός γραμμής, προσθ. 1 πόντο","Όλα μη-μίνα μπλοκ σε γραμμή ανοιχτά: καθαρισμός γραμμής, προσθ. 1 πόντο","Γραμμή < 4: ενεργοπ. Τετρις, προσθ. 4 γραμμές, προσθ. 4 πόντους; διαδοχ. Τετρις προσθ. 1 έως 4 πόντους",Σκορ ≥ ( επίπεδο + 1 ) * ( επίπεδο + 1 ): αναβάθμιση επιπέδου,"Εύκολο: 12x12, 2 νάρκες / γραμμή","Κανονικό: 16x16, 3 νάρκες / γραμμή","Δύσκολο: 32x24, 6 νάρκες / γραμμή"
hungarian,Aknakereső Tetris,Az Aknakereső Tetris már fut!,Kérlek indítsd el az Aknakereső Tetríst a Steam-en keresztül!,A Steam inicializálása sikertelen!,A Steam aktuális felhasználói állapotának betöltése sikertelen!,Aknakereső Tetris (32 bites),Verzió 20221215 (Steam),Készítette: ax_pokl,Licencelve a GPL-3.0 alatt,OK,Steam inicializálása...,Audio inicializálása...,Játéktábla inicializálása...,Grafika inicializálása...,Ablak inicializálása...,Könnyű,Normál,Nehéz,Új Játék,Szünet,Sor hozzá,Súgó,Névjegy,Beállítások,Ranglista,Hang,Zene,Húzás,Statisztika,Skin,Kép,Kilépés,Nagyítás,Animáció,Kurzor,Be,Ki,Nincs Húzás,Nincs Szám,Szám Húzása,Minden Húzása,Automatikus,Maximalizálás,Világos,Sötét,Minecraft,Dérfagy,Dzsungel,Láva,Kumulatív,Részletek,x1,x1.5,x2,x2.5,x3,x3.5,x4,Útmutató,Bal kattintással válassz egy blokkot a játék elindításához.,"A számok mutatják, hogy hány akna van a közeli blokkokban. Kattints balra egy másik blokkra a folytatáshoz.","Csak 1 ki nem nyitott blokk van az 1-es szám körül. Kattints az 1-es számra, hogy jelöld a blokkot zászlóval.","A kék rácsban 1 akna van, a zöldben 2, így a piros blokknak aknának kell lennie. Jobb kattintással jelöld meg kérdőjellel.","Kattints az 1-es számra a maradék blokk megnyitásához, a kérdőjel automatikusan zászlóként lesz megjelölve.","Csak 2 ki nem nyitott blokk van a 2-es szám körül. Kattints a 2-es számra, hogy jelöld meg a maradék blokkokat zászlóval.",Az összes akna a 2-es szám körül zászlóval van megjelölve. Kattints a 2-es számra a maradék blokkok megnyitásához.,"Ismét, kattints a 2-es számra a maradék blokkok megnyitásához.","A kék rácsban 1 akna van és a zöldben is 1, így a piros blokknak nem kell aknának lennie. Kattints balra a megnyitásához.","A játéktáblán lévő aknák most logikailag kiszámíthatatlanok, tehát végezzünk véletlenszerű tippet és kattints jobbra egy blokkra.",kattints a 2-es számra a maradék blokkok megnyitásához.,"Hoppá... Rossz tipp miatt 2 sor kerül hozzáadásra a tetejéhez, az aknák zászlóval vannak megjelölve, és a maradék blokkok megnyílnak. Kattints az 1-es számra a maradék blokkok megnyitásához.",Kattints az 1-es számra a maradék 2 blokk megnyitásához.,"Az alsó 2 sor összes blokkja megnyílik, 2 sor tisztul és 2 pontot adunk. Magas pontszám, magas szint, nehéz játék.","Az új blokkok idővel generálódnak, sebességük a szinttől függ. A felső sor blokkolva van, amíg teljesen meg nem generálódik. Vége a játéknak, ha nem lehet blokkot generálni.",Minden Mód,Nincs Húzás,Nincs Hiba,Tetris Számláló,Hibaszámláló,Kilépés az Oktatóanyagból?,Igen,Nem,Bal klikk normál blokk: blokkot nyit,Bal klikk kérdő blokk: blokkot nyit,Bal klikk normál blokk: akna jelöl flag-ként,Bal klikk kérdő blokk: akna jelöl flag-ként,Jobb klikk normál blokk: jelöl kérdésként,Jobb klikk kérdő blokk: kérdőjel eltávolít,"Klikk számra: blokk = szám, jelöl blokkot flag-ként","Klikk számra: flag = szám, nyit maradék blokkot","Jel = szám: nyit maradék blokkot, vedd le a kérdés jelölést; blokk = szám, jelöl flag-ként","Jel = szám: nyit maradék blokkot, akna jelöl flag-ként; flag = szám, nyit maradék blokkot","Blokk akna: adj két sort felül, akna jelöl flag-ként",Minden másodperc: adj ( szint / 5 ) + 1 fix blokkot,Fix blokk tölt felső sort: fix blokk kattinthatóvá válik,"Minden akna sorban jelölve flag-ként: töröl sort, adj 1 pontot","Minden nem-akna blokk sorban nyitva: töröl sort, adj 1 pontot","Sor < 4: tetrisz indít, adj 4 sort, adj 4 pontot; egymást követő tetrisz ad 1-4 pontot",Pontszám >= ( szint + 1 ) * ( szint + 1 ): szintet lép,"Könnyű: 12x12, 2 akna / sor","Normál: 16x16, 3 akna / sor","Nehéz: 32x24, 6 akna / sor"
italian,Campo Minato Tetris,Campo Minato Tetris è già in esecuzione!,Avvia Campo Minato Tetris da Steam!,Inizializzazione di Steam fallita!,Caricamento dello stato dell'utente corrente di Steam fallito!,Campo Minato Tetris (32-bit),Versione 20221215 (Steam),Creato da ax_pokl,Licenziato sotto GPL-3.0,OK,Inizializzando Steam...,Inizializzando l'Audio...,Inizializzando il Tabellone...,Inizializzando la Grafica...,Inizializzando la Finestra...,Facile,Normale,Difficile,Nuova Partita,Pausa,Agg. Linea,Aiuto,Informazioni,Impostazioni,Classifica,Suono,Musica,Trascinamento,Statistiche,Skin,Screenshot,Esci,Zoom,Animazione,Cursore,Acceso,Spento,Nessun Trascinamento,Nessun Numero,Trascina Numero,Trascina Tutto,Automatico,Massimizza,Luminoso,Scuro,Minecraft,Brina,Giungla,Lava,Cumulativo,Dettagli,x1,x1.5,x2,x2.5,x3,x3.5,x4,Tutorial,Clicca con il tasto sinistro su un blocco per iniziare il gioco.,Il numero rappresenta quante mine ci sono nei blocchi vicini. Clicca con il tasto sinistro su un altro blocco per continuare.,C'è solo 1 blocco non aperto intorno al numero 1. Clicca sul numero 1 per contrassegnare il blocco come bandiera.,"La griglia blu ha 1 mina e la griglia verde ne ha 2, quindi il blocco rosso deve essere una mina. Clicca con il tasto destro per contrassegnarlo come punto interrogativo.","Clicca sul numero 1 per aprire il blocco rimanente, il punto interrogativo verrà automaticamente contrassegnato come bandiera.",Ci sono solo 2 blocchi non aperti intorno al numero 2. Clicca sul numero 2 per contrassegnare i blocchi rimanenti come bandiere.,Tutte le mine intorno al numero 2 sono contrassegnate con bandiere. Clicca sul numero 2 per aprire i blocchi rimanenti.,"Ancora, clicca sul numero 2 per aprire i blocchi rimanenti.","La griglia blu ha 1 mina e anche la griglia verde ha 1 mina, quindi il blocco rosso non deve essere una mina. Clicca con il tasto sinistro per aprirlo.","Le mine sul tabellone di gioco sono ora logicamente imprevedibili, facciamo una supposizione casuale e clicchiamo con il tasto destro su un blocco.",clicca sul numero 2 per aprire i blocchi rimanenti.,"Ops... A causa di un'ipotesi sbagliata, vengono aggiunte 2 linee in alto, e le mine sono contrassegnate e i blocchi rimanenti vengono aperti. Clicca sul numero 1 per aprire i blocchi rimanenti.",Clicca sul numero 1 per aprire i 2 blocchi rimanenti.,"Tutti i blocchi nelle ultime 2 linee sono aperti, 2 linee vengono cancellate e vengono assegnati 2 punti. Punteggio alto, livello alto, gioco difficile.","I nuovi blocchi vengono generati nel tempo, la loro velocità si basa sul livello. La linea superiore è bloccata fino a quando non viene generata completamente. Fine del gioco se non può essere generato nessun blocco.",Tutte le Modalità,Nessun Trascinamento,Nessun Errore,Conteggio Tetris,Conteggio Errori,Esci dal Tutorial?,Sì,No,Clic sinistro su blocco normale: apri blocco,Clic sinistro su blocco domanda: apri blocco,Clic sinistro su blocco normale: segna mina come bandiera,Clic sinistro su blocco domanda: segna mina come bandiera,Clic destro su blocco normale: segna come domanda,Clic destro su blocco domanda: rimuovi domanda,"Clic su numero: blocco = numero, segna blocco come bandiera","Clic su numero: bandiera = numero, apri blocco rimanente","Segna = numero: apri blocco rimanente, rimuovi punto interrogativo; blocco = numero, segna come bandiera","Segna = numero: apri blocco rimanente, segna mina come bandiera; bandiera = numero, apri blocco rimanente","Blocco è mina: aggiungi due righe in alto, segna mina come bandiera",Ogni secondo: aggiungi ( livello / 5 ) + 1 blocco fisso,Blocco fisso riempie riga superiore: blocco fisso diventa cliccabile,"Tutte le mine in riga contrassegnate come bandiera: riga pulita, aggiungi 1 punto","Tutti i blocchi non mina in riga aperti: riga pulita, aggiungi 1 punto","Riga < 4: attiva Tetris, aggiungi 4 righe, aggiungi 4 punti; Tetris consecutivi aggiungono da 1 a 4 punti",Punteggio >= (livello + 1) * (livello + 1): livello superiore,"Facile: 12x12, 2 mine / riga","Normale: 16x16, 3 mine / riga","Difficile: 32x24, 6 mine / riga"
japanese,マインスイーパーテトリス,マインスイーパーテトリスは既に実行中です！,Steamからマインスイーパーテトリスを起動してください！,Steamの初期化に失敗しました！,Steamの現在のユーザー状態の読み込みに失敗しました！,マインスイーパーテトリス（32ビット）,バージョン 20221215（Steam）,製作者 ax_pokl,GPL-3.0の下でライセンスされています,オーケー,Steamを初期化中...,オーディオを初期化中...,ゲームボードを初期化中...,グラフィックスを初期化中...,ウィンドウを初期化中...,イージー,ノーマル,ハード,新しいゲーム,一時停止,ライン追加,ヘルプ,情報,設定,ランキング,サウンド,音楽,ドラッグ,統計,スキン,スクショ,終了,ズーム,アニメーション,カーソル,オン,オフ,ドラッグなし,番号なし,番号をドラッグ,すべてをドラッグ,自動,最大化,明るい,暗い,マインクラフト,霜,ジャングル,溶岩,累計,詳細,x1,x1.5,x2,x2.5,x3,x3.5,x4,とれーにんぐ,ブロックを左クリックしてゲームを開始します。,数字は近くのブロックにある地雷の数を表しています。別のブロックを左クリックして続行します。,数字1の周りに未開のブロックは1つだけです。数字1をクリックしてブロックに旗印を付けます。,青いグリッドには地雷が1つ、緑のグリッドには地雷が2つあるため、赤いブロックには地雷があります。右クリックして疑問符としてマークします。,数字1をクリックして残りのブロックを開きます。疑問符は自動的に旗印としてマークされます。,数字2の周りに未開のブロックは2つだけです。数字2をクリックして残りのブロックに旗印を付けます。,数字2の周りのすべての地雷は旗印でマークされています。数字2をクリックして残りのブロックを開きます。,もう一度、数字2をクリックして残りのブロックを開きます。,青いグリッドには地雷が1つ、緑のグリッドにも地雷が1つあるため、赤いブロックに地雷はありません。左クリックして開きます。,ゲームボード上の地雷は現在、論理的に予測できません。ランダムに推測してブロックを右クリックしましょう。,数字2をクリックして残りのブロックを開きます。,おっと...間違った推測のため、上部に2行が追加され、地雷は旗印でマークされ、残りのブロックが開きます。数字1をクリックして残りのブロックを開きます。,数字1をクリックして残りの2つのブロックを開きます。,下部の2行のすべてのブロックが開き、2行がクリアされ、2ポイントが授与されます。高スコア、高レベル、難しいゲーム。,新しいブロックは時間とともに生成され、その速度はレベルに基づいています。上部のラインは完全に生成されるまでブロックされます。ブロックを生成できない場合はゲームオーバーです。,すべてのモード,ドラッグなし,間違いなし,テトリス数,間違い数,チュートリアルを終了しますか？,はい,いいえ,通常のブロックを左クリック：ブロックを開く,質問ブロックを左クリック：ブロックを開く,通常のブロックを左クリック：地雷を旗印としてマーク,質問ブロックを左クリック：地雷を旗印としてマーク,通常のブロックを右クリック：質問としてマーク,質問ブロックを右クリック：質問マークを外す,数字をクリック：ブロック=数字、ブロックに旗印を付ける,数字をクリック：旗印=数字、残りのブロックを開く,マーク=数字：残りのブロックを開く、質問マークを外す；ブロック=数字、ブロックに旗印を付ける,マーク=数字：残りのブロックを開く、地雷を旗印としてマーク；旗印=数字、残りのブロックを開く,ブロックが地雷の場合：上に2行を追加、地雷を旗印としてマーク,毎秒：（レベル/ 5）+ 1個の固定ブロックを追加,固定ブロックが上行を埋める：固定ブロックがクリック可能に,行のすべての地雷が旗印としてマークされている：行をクリアし、1ポイントを追加,行のすべての非地雷ブロックが開いている：行をクリアし、1ポイントを追加,行<4：テトリスをトリガーし、4行を追加し、4ポイントを追加；連続するテトリスは1〜4ポイントを追加,スコア≥（レベル+ 1）*（レベル+ 1）：レベルアップ,イージー：12x12、行あたり2つの地雷,ノーマル：16x16、行あたり3つの地雷,ハード：32x24、行あたり6つの地雷
koreana,지뢰찾기 테트리스,지뢰찾기 테트리스가 이미 실행 중입니다!,Steam에서 지뢰찾기 테트리스를 실행하세요!,Steam 초기화 실패!,Steam 현재 사용자 상태 로드 실패!,지뢰찾기 테트리스 (32비트),버전 20221215 (Steam),제작자 ax_pokl,GPL-3.0 라이선스 하에,확인,Steam 초기화 중...,오디오 초기화 중...,게임보드 초기화 중...,그래픽 초기화 중...,창 초기화 중...,쉬움,보통,어려움,새 게임,일시 정지,라인 추가,도움말,정보,설정,순위,소리,음악,드래그,통계,스킨,스크샷,종료,확대,애니메이션,커서,켜짐,꺼짐,드래그 없음,번호 없음,번호 드래그,모두 드래그,자동,최대화,밝음,어두움,마인크래프트,서리,정글,용암,누적,세부,x1,x1.5,x2,x2.5,x3,x3.5,x4,튜토리얼,블록을 왼쪽 클릭하여 게임을 시작하세요.,숫자는 인접한 블록에 있는 지뢰의 수를 나타냅니다. 다른 블록을 왼쪽 클릭하여 계속하세요.,번호 1 주변에 열리지 않은 블록은 1개뿐입니다. 번호 1을 클릭하여 블록을 깃발로 표시하세요.,"파란 그리드에는 지뢰가 1개, 녹색 그리드에는 2개가 있으므로 빨간 블록은 지뢰여야 합니다. 오른쪽 클릭하여 물음표로 표시하세요.","번호 1을 클릭하여 남은 블록을 열고, 물음표는 자동으로 깃발로 표시됩니다.",번호 2 주변에 열리지 않은 블록은 2개뿐입니다. 번호 2를 클릭하여 남은 블록을 깃발로 표시하세요.,번호 2 주변의 모든 지뢰는 깃발로 표시됩니다. 번호 2를 클릭하여 남은 블록을 엽니다.,"다시, 번호 2를 클릭하여 남은 블록을 엽니다.","파란 그리드에는 지뢰가 1개, 녹색 그리드에도 1개가 있으므로 빨간 블록은 지뢰가 아니어야 합니다. 왼쪽 클릭하여 엽니다.","지금 게임 보드상의 지뢰는 논리적으로 예측할 수 없습니다, 무작위로 추측하고 블록을 오른쪽 클릭합시다.",번호 2를 클릭하여 남은 블록을 엽니다.,"이런... 잘못된 추측으로 인해 상단에 2줄이 추가되고, 지뢰는 깃발로 표시되며 남은 블록이 열립니다. 번호 1을 클릭하여 남은 블록을 엽니다.",번호 1을 클릭하여 남은 2개의 블록을 엽니다.,"아래쪽 2줄의 모든 블록이 열리고, 2줄이 지워지며 2점이 주어집니다. 높은 점수, 높은 레벨, 어려운 게임.","새로운 블록은 시간이 지남에 따라 생성되며, 그 속도는 레벨에 따라 결정됩니다. 상단 라인은 완전히 생성될 때까지 차단됩니다. 블록을 생성할 수 없으면 게임 오버입니다.",모든 모드,드래그 없음,실수 없음,테트리스 횟수,실수 횟수,튜토리얼을 종료하시겠습니까?,예,아니요,정상 블록을 왼쪽 클릭: 블록 열기,질문 블록을 왼쪽 클릭: 블록 열기,정상 블록을 왼쪽 클릭: 지뢰를 깃발로 표시,질문 블록을 왼쪽 클릭: 지뢰를 깃발로 표시,정상 블록을 오른쪽 클릭: 질문으로 표시,질문 블록을 오른쪽 클릭: 질문 표시 제거,"번호 클릭: 블록 = 번호, 블록을 깃발로 표시","번호 클릭: 깃발 = 번호, 남은 블록 열기","표시 = 번호: 남은 블록 열기, 질문 표시 제거; 블록 = 번호, 블록을 깃발로 표시","표시 = 번호: 남은 블록 열기, 지뢰를 깃발로 표시; 깃발 = 번호, 남은 블록 열기","블록이 지뢰인 경우: 상단에 두 줄 추가, 지뢰를 깃발로 표시",매초마다: (레벨 / 5) + 1 고정 블록 추가,고정 블록이 상단 행을 채움: 고정 블록 클릭 가능,"행의 모든 지뢰가 깃발로 표시됨: 행 클리어, 1점 추가","행의 모든 비지뢰 블록이 열림: 행 클리어, 1점 추가","행 < 4: 테트리스 발동, 4줄 추가, 4점 추가; 연속 테트리스는 1에서 4점 추가",점수 >= (레벨 + 1) * (레벨 + 1): 레벨 업,"쉬움: 12x12, 줄당 지뢰 2개","보통: 16x16, 줄당 지뢰 3개","어려움: 32x24, 줄당 지뢰 6개"
latam,Buscaminas Tetris,¡Buscaminas Tetris ya está en funcionamiento!,"Por favor, inicia Buscaminas Tetris desde Steam.",¡Falló la inicialización de Steam!,¡Fallo al cargar el estado actual del usuario de Steam!,Buscaminas Tetris (32 bits),Versión 20221215 (Steam),Creado por ax_pokl,Licenciado bajo GPL-3.0,OK,Inicializando Steam...,Inicializando Audio...,Inicializando Tablero de Juego...,Inicializando Gráficos...,Inicializando Ventana...,Fácil,Normal,Difícil,Nuevo Juego,Pausa,Añadir línea,Ayuda,Acerca de,Configuración,Ranking,Sonido,Música,Arrastre,Estadísticas,Piel,Captura,Salir,Zoom,Animación,Cursor,Encendido,Apagado,Sin Arrastre,Sin Número,Arrastrar Número,Arrastrar Todo,Automático,Maximizar,Brillante,Oscuro,Minecraft,Escarcha,Selva,Lava,Acumulado,Detalles,x1,x1.5,x2,x2.5,x3,x3.5,x4,Tutorial,Haz clic izquierdo en un bloque para comenzar el juego.,El número representa cuántas minas hay en bloques cercanos. Haz clic izquierdo en otro bloque para continuar.,Sólo hay 1 bloque sin abrir alrededor del número 1. Haz clic en el número 1 para marcar el bloque como bandera.,"La cuadrícula azul tiene 1 mina y la cuadrícula verde tiene 2 minas, así que el bloque rojo debe ser una mina. Haz clic derecho para marcarlo como signo de interrogación.","Haz clic en el número 1 para abrir el bloque restante, el signo de interrogación se marcará automáticamente como bandera.",Sólo hay 2 bloques sin abrir alrededor del número 2. Haz clic en el número 2 para marcar los bloques restantes como banderas.,Todas las minas alrededor del número 2 están marcadas con banderas. Haz clic en el número 2 para abrir los bloques restantes.,"De nuevo, haz clic en el número 2 para abrir los bloques restantes.","La cuadrícula azul tiene 1 mina y la cuadrícula verde también tiene 1 mina, así que el bloque rojo no debe ser una mina. Haz clic izquierdo para abrirlo.","Las minas en el tablero de juego son lógicamente impredecibles ahora, hagamos una suposición al azar y hagamos clic derecho en un bloque.",haz clic en el número 2 para abrir los bloques restantes.,"Ups... Debido a una suposición incorrecta, se agregan 2 líneas en la parte superior, las minas están marcadas y se abren los bloques restantes. Haz clic en el número 1 para abrir los bloques restantes.",Haz clic en el número 1 para abrir los 2 bloques restantes.,"Todos los bloques en las 2 líneas inferiores están abiertos, se limpian 2 líneas y se otorgan 2 puntos. Alta puntuación, alto nivel, juego difícil.","Los nuevos bloques se generan con el tiempo, su velocidad se basa en el nivel. La línea superior está bloqueada hasta que esté completamente generada. Fin del juego si no se puede generar un bloque.",Todos los Modos,Sin Arrastre,Sin Error,Conteo de Tetris,Conteo de Errores,¿Salir del Tutorial?,Sí,No,Clic izq. en bloque normal: abrir bloque,Clic izq. en bloque pregunta: abrir bloque,Clic izq. en bloque normal: marca mina como bandera,Clic izq. en bloque pregunta: marca mina como bandera,Clic der. en bloque normal: marcar como pregunta,Clic der. en bloque pregunta: desmarcar pregunta,"Clic en número: bloque = número, marca bloque como bandera","Clic en número: bandera = número, abrir bloque restante","Marca = número: abrir bloque restante, desmarcar pregunta; bloque = número, marcar bloque como bandera","Marca = número: abrir bloque restante, marca mina como bandera; bandera = número, abrir bloque restante","Bloque es mina: añadir dos filas arriba, marca mina como bandera",Cada segundo: añadir ( nivel / 5 ) + 1 bloque fijo,Bloque fijo llena fila superior: bloque fijo se vuelve clickeable,"Todas minas en fila marcadas como bandera: limpiar fila, añadir 1 punto","Todos bloques no-mina en fila abiertos: limpiar fila, añadir 1 punto","Fila < 4: activar Tetris, añadir 4 filas, añadir 4 puntos; Tetris consecutivos añaden de 1 a 4 puntos",Puntuación >= (nivel + 1) * (nivel + 1): subir de nivel,"Fácil: 12x12, 2 minas / fila","Normal: 16x16, 3 minas / fila","Difícil: 32x24, 6 minas / fila"
norwegian,Minesveiper Tetris,Minesveiper Tetris kjører allerede!,Vennligst start Minesveiper Tetris fra Steam!,Steam-initialisering mislyktes!,Laste inn Steam nåværende brukerstatus mislyktes!,Minesveiper Tetris (32-bit),Versjon 20221215 (Steam),Laget av ax_pokl,Lisensiert under GPL-3.0,OK,Initialiserer Steam...,Initialiserer Lyd...,Initialiserer Spillbrett...,Initialiserer Grafikk...,Initialiserer Vindu...,Enkel,Normal,Vanskelig,Nytt Spill,Pause,Legg til linje,Hjelp,Om,Innstillinger,Topp,Lyd,Musikk,Dra,Statistikk,Skin,Skjerm,Avslutt,Zoom,Animasjon,Markør,På,Av,Ingen Dra,Ingen Nummer,Dra Nummer,Dra Alt,Automatisk,Maksimer,Lys,Mørk,Minecraft,Frost,Jungel,Lava,Kumulativt,Detaljer,x1,x1.5,x2,x2.5,x3,x3.5,x4,Veiledning,Venstreklikk på en blokk for å starte spillet.,Nummeret representerer hvor mange miner som er i nærliggende blokker. Venstreklikk på en annen blokk for å fortsette.,Det er bare 1 uåpnet blokk rundt nummer 1. Klikk på nummer 1 for å merke blokken som flagg.,"Blått rutenett har 1 mine og grønt rutenett har 2 miner, så den røde blokken må være en mine. Høyreklikk for å merke den som spørsmålstegn.","Klikk på nummer 1 for å åpne den gjenværende blokken, spørsmålstegnet vil automatisk bli merket som flagg.",Det er bare 2 uåpnede blokker rundt nummer 2. Klikk på nummer 2 for å merke de gjenværende blokkene som flagg.,Alle miner rundt nummer 2 er merket med flagg. Klikk på nummer 2 for å åpne de gjenværende blokkene.,"Igjen, klikk på nummer 2 for å åpne de gjenværende blokkene.","Blått rutenett har 1 mine og grønt rutenett har også 1 mine, så den røde blokken må ikke være en mine. Venstreklikk for å åpne den.","Miner på spillbrettet er logisk uforutsigbare nå, la oss gjøre en tilfeldig gjetning og høyreklikke på en blokk.",klikk på nummer 2 for å åpne de gjenværende blokkene.,"Oops... På grunn av feil gjetning, legges 2 linjer til på toppen, og miner er flagget, og de gjenværende blokkene åpnes. Klikk på nummer 1 for å åpne de gjenværende blokkene.",Klikk på nummer 1 for å åpne de gjenværende 2 blokkene.,"Alle blokker i de nederste 2 linjene er åpnet, 2 linjer er ryddet og 2 poeng er tildelt. Høy score, høyt nivå, vanskelig spill.","Nye blokker genereres over tid, hastigheten er basert på nivået. Øverste linje er blokkert til den er fullstendig generert. Spillet er over hvis ingen blokk kan genereres.",Alle Modus,Ingen Dra,Ingen Feil,Tetris Telling,Feiltelling,Avslutt Opplæring?,Ja,Nei,Venstreklikk på en vanlig blokk: åpne blokk,Venstreklikk på en spørsmålsblokk: åpne blokk,Venstreklikk på en vanlig blokk: merk mine som flagg,Venstreklikk på en spørsmålsblokk: merk mine som flagg,Høyreklikk på en vanlig blokk: merk som spørsmål,Høyreklikk på en spørsmålsblokk: fjern spørsmålstegn,"Klikk på nummer: blokk = nummer, merk blokk som flagg","Klikk på nummer: flagg = nummer, åpne gjenværende blokk","Merk = nummer: åpne gjenværende blokk, fjern spørsmålstegn; blokk = nummer, merk blokk som flagg","Merk = nummer: åpne gjenværende blokk, merk mine som flagg; flagg = nummer, åpne gjenværende blokk","Blokken er en mine: legg til to rader på toppen, merk mine som flagg",Hvert sekund: legg til (nivå / 5) + 1 fast blokk,Fast blokk fyller øverste rad: fast blokk blir klikkbar,"Alle miner i raden merket som flagg: rydd raden, legg til 1 poeng","Alle ikke-mine blokker i raden åpnet: rydd raden, legg til 1 poeng","Rad < 4: utløser Tetris, legg til 4 rader, legg til 4 poeng; påfølgende Tetris legger til 1 til 4 poeng",Score >= (nivå + 1) * (nivå + 1): nivå opp,"Enkel: 12x12, 2 miner / rad","Normal: 16x16, 3 miner / rad","Vanskelig: 32x24, 6 miner / rad"
polish,Saper Tetris,Saper Tetris już działa!,Uruchom Saper Tetris przez Steam!,Inicjalizacja Steam nie powiodła się!,Wczytywanie aktualnego statusu użytkownika Steam nie powiodło się!,Saper Tetris (32-bitowy),Wersja 20221215 (Steam),Stworzony przez ax_pokl,Licencjonowany na mocy GPL-3.0,OK,Inicjalizacja Steam...,Inicjalizacja Dźwięku...,Inicjalizacja Planszy do Gry...,Inicjalizacja Grafiki...,Inicjalizacja Okna...,Łatwy,Normalny,Trudny,Nowa Gra,Pauza,Dodaj linię,Pomoc,O Programie,Ustawienia,Ranking,Dźwięk,Muzyka,Przeciąganie,Statystyki,Skórka,Zrzut,Wyjście,Powiększenie,Animacja,Kursor,Włączony,Wyłączony,Bez Przeciągania,Bez Numerów,Przeciągaj Numery,Przeciągaj Wszystko,Automatyczny,Maksymalizacja,Jasny,Ciemny,Minecraft,Szron,Dżungla,Lawa,Łączny,Szczegóły,x1,x1.5,x2,x2.5,x3,x3.5,x4,Samouczek,"Kliknij lewym przyciskiem myszy na blok, aby rozpocząć grę.","Numer pokazuje, ile min jest w sąsiednich blokach. Kliknij lewym przyciskiem myszy na inny blok, aby kontynuować.","Jest tylko 1 nieotwarty blok wokół numeru 1. Kliknij numer 1, aby oznaczyć blok flagą.","Niebieska siatka ma 1 minę, a zielona siatka ma 2 miny, więc czerwony blok musi być miną. Kliknij prawym przyciskiem myszy, aby oznaczyć go jako znak zapytania.","Kliknij numer 1, aby otworzyć pozostały blok, znak zapytania zostanie automatycznie oznaczony jako flaga.","Jest tylko 2 nieotwarte bloki wokół numeru 2. Kliknij numer 2, aby oznaczyć pozostałe bloki flagami.","Wszystkie miny wokół numeru 2 są oznaczone flagami. Kliknij numer 2, aby otworzyć pozostałe bloki.","Ponownie, kliknij numer 2, aby otworzyć pozostałe bloki.","Niebieska siatka ma 1 minę, a zielona siatka ma również 1 minę, więc czerwony blok nie może być miną. Kliknij lewym przyciskiem myszy, aby go otworzyć.","Miny na planszy do gry są teraz logicznie nieprzewidywalne, zróbmy losowe zgadywanie i kliknij prawym przyciskiem myszy na blok.","kliknij numer 2, aby otworzyć pozostałe bloki.","Ojej... Z powodu złego zgadnięcia dodane zostają 2 linie na górze, a miny są oznaczone flagami, i pozostałe bloki są otwierane. Kliknij numer 1, aby otworzyć pozostałe bloki.","Kliknij numer 1, aby otworzyć pozostałe 2 bloki.","Wszystkie bloki w dolnych 2 liniach są otwarte, 2 linie są czyszczone i przyznawane są 2 punkty. Wysoki wynik, wysoki poziom, trudna gra.","Nowe bloki są generowane z czasem, ich prędkość jest oparta na poziomie. Górna linia jest zablokowana do momentu pełnego wygenerowania. Gra kończy się, gdy nie można wygenerować żadnego bloku.",Wszystkie Tryby,Bez Przeciągania,Bez Błędu,Licznik Tetris,Licznik Błędów,Wyjść z Samouczka?,Tak,Nie,Lewy klik na zwykły blok: otwórz blok,Lewy klik na blok pytania: otwórz blok,Lewy klik na zwykły blok: oznacz minę jako flagę,Lewy klik na blok pytania: oznacz minę jako flagę,Prawy klik na zwykły blok: oznacz jako pytanie,Prawy klik na blok pytania: odznacz pytanie,"Kliknij liczbę: blok = liczba, oznacz blok jako flagę","Kliknij liczbę: flaga = liczba, otwórz pozostały blok","Znak = liczba: otwórz pozostały blok, usuń oznaczenie pytania; blok = liczba, oznacz jako flagę","Znak = liczba: otwórz pozostały blok, oznacz minę jako flagę; flaga = liczba, otwórz pozostały blok","Blok to mina: dodaj dwie linie u góry, oznacz minę jako flagę",Co sekundę: dodaj ( poziom / 5 ) + 1 stały blok,Stały blok wypełnia górną linię: stały blok staje się klikalny,"Wszystkie miny w linii oznaczone jako flagi: linia jest czyszczona, dodaj 1 punkt","Wszystkie nie-minowe bloki w linii są otwarte: linia jest czyszczona, dodaj 1 punkt","Linia < 4: aktywuj Tetris, dodaj 4 linie, dodaj 4 punkty; kolejne Tetrisy dodają od 1 do 4 punktów",Wynik >= (poziom + 1) * (poziom + 1): wyższy poziom,"Łatwy: 12x12, 2 miny / linia","Normalny: 16x16, 3 miny / linia","Trudny: 32x24, 6 miny / linia"
portuguese,Campo Minado Tetris,Campo Minado Tetris já está em execução!,"Por favor, inicie o Campo Minado Tetris pelo Steam!",Inicialização do Steam falhou!,Falha ao carregar o status atual do usuário do Steam!,Campo Minado Tetris (32 bits),Versão 20221215 (Steam),Criado por ax_pokl,Licenciado sob GPL-3.0,OK,Inicializando Steam...,Inicializando Áudio...,Inicializando Tabuleiro...,Inicializando Gráficos...,Inicializando Janela...,Fácil,Normal,Difícil,Novo Jogo,Pausa,Ad. Linha,Ajuda,Sobre,Configurações,Ranking,Som,Música,Arrastar,Estatísticas,Skin,Captura,Sair,Zoom,Animação,Cursor,Ligado,Desligado,Sem Arrastar,Sem Número,Arrastar Número,Arrastar Tudo,Automático,Maximizar,Claro,Escuro,Minecraft,Geada,Selva,Lava,Acumulado,Detalhes,x1,x1.5,x2,x2.5,x3,x3.5,x4,Tutorial,Clique com o botão esquerdo em um bloco para iniciar o jogo.,Número representa quantas minas estão nos blocos próximos. Clique com o botão esquerdo em outro bloco para continuar.,Existe apenas 1 bloco não aberto ao redor do número 1. Clique no número 1 para marcar o bloco como bandeira.,"Grade azul tem 1 mina e grade verde tem 2 minas, então o bloco vermelho deve ser mina. Clique com o botão direito para marcá-lo como ponto de interrogação.","Clique no número 1 para abrir o bloco restante, ponto de interrogação será automaticamente marcado como bandeira.",Existem apenas 2 blocos não abertos ao redor do número 2. Clique no número 2 para marcar os blocos restantes como bandeiras.,Todas as minas ao redor do número 2 estão marcadas com bandeiras. Clique no número 2 para abrir os blocos restantes.,"Novamente, clique no número 2 para abrir os blocos restantes.","Grade azul tem 1 mina e grade verde também tem 1 mina, então o bloco vermelho não deve ser mina. Clique com o botão esquerdo para abri-lo.","Minas no tabuleiro de jogo são logicamente imprevisíveis agora, vamos fazer uma suposição aleatória e clicar com o botão direito em um bloco.",clique no número 2 para abrir os blocos restantes.,"Ops... Devido a um palpite errado, 2 linhas são adicionadas no topo, e minas são marcadas, e os blocos restantes são abertos. Clique no número 1 para abrir os blocos restantes.",Clique no número 1 para abrir os 2 blocos restantes.,"Todos os blocos nas 2 linhas inferiores são abertos, 2 linhas são limpas e 2 pontos são concedidos. Pontuação alta, nível alto, jogo difícil.","Novos blocos são gerados ao longo do tempo, sua velocidade é baseada no nível. A linha superior está bloqueada até ser totalmente gerada. Fim do jogo se nenhum bloco puder ser gerado.",Todos os Modos,Sem Arrastar,Sem Erro,Contagem de Tetris,Contagem de Erros,Sair do Tutorial?,Sim,Não,Clique esq. em bloco normal: abrir bloco,Clique esq. em bloco pergunta: abrir bloco,Clique esq. em bloco normal: marcar mina como bandeira,Clique esq. em bloco pergunta: marcar mina como bandeira,Clique dir. em bloco normal: marcar como questão,Clique dir. em bloco pergunta: desmarcar questão,"Clique número: bloco = número, marcar bloco como bandeira","Clique número: bandeira = número, abrir resto do bloco","Marca = número: abrir resto do bloco, desmarcar questão; bloco = número, marcar como bandeira","Marca = número: abrir resto do bloco, marcar mina como bandeira; bandeira = número, abrir resto do bloco","Bloco é mina: adicionar duas linhas acima, marcar mina como bandeira",A cada segundo: adicionar ( nível / 5 ) + 1 bloco fixo,Bloco fixo preenche linha superior: bloco fixo torna-se clicável,"Todas as minas na linha marcadas como bandeira: limpar linha, adicionar 1 ponto","Todos os blocos não-mina na linha abertos: limpar linha, adicionar 1 ponto","Linha < 4: ativar Tetris, adicionar 4 linhas, adicionar 4 pontos; Tetris consecutivos adicionam de 1 a 4 pontos",Pontuação >= ( nível + 1 ) * ( nível + 1 ): subir de nível,"Fácil: 12x12, 2 minas / linha","Normal: 16x16, 3 minas / linha","Difícil: 32x24, 6 minas / linha"
romanian,Minesweeper Tetris,Minesweeper Tetris este deja în funcțiune!,Vă rugăm să lansați Minesweeper Tetris de pe Steam!,Inițializarea Steam a eșuat!,Încărcarea stării utilizatorului curent Steam a eșuat!,Minesweeper Tetris (32 de biți),Versiune 20221215 (Steam),Creat de ax_pokl,Licențiat sub GPL-3.0,OK,Inițializare Steam...,Inițializare Audio...,Inițializare Tablă de Joc...,Inițializare Grafică...,Inițializare Fereastră...,Ușor,Normal,Dificil,Joc Nou,Pauză,Adaugă linie,Ajutor,Despre,Setări,Clasament,Sunet,Muzică,Drag,Statistici,Skin,Screenshot,Ieșire,Zoom,Animație,Cursor,Pornește,Oprește,Fără Drag,Fără Număr,Drag Număr,Drag Tot,Automat,Maximizează,Luminos,Întunecat,Minecraft,Brumă,Junglă,Lavă,Cumulativ,Detalii,x1,x1.5,x2,x2.5,x3,x3.5,x4,Tutorial,Click stânga pe un bloc pentru a începe jocul.,Numărul reprezintă câte mine sunt în blocurile învecinate. Click stânga pe alt bloc pentru a continua.,Există doar 1 bloc ne-deschis în jurul numărului 1. Click pe numărul 1 pentru a marca blocul ca steag.,"Grila albastră are 1 mină și grila verde are 2 mine, deci blocul roșu trebuie să fie mină. Click dreapta pentru a-l marca ca semn de întrebare.","Click pe numărul 1 pentru a deschide blocul rămas, semnul de întrebare va fi marcat automat ca steag.",Există doar 2 blocuri ne-deschise în jurul numărului 2. Click pe numărul 2 pentru a marca blocurile rămase ca steaguri.,Toate minele din jurul numărului 2 sunt marcate cu steaguri. Click pe numărul 2 pentru a deschide blocurile rămase.,"Din nou, click pe numărul 2 pentru a deschide blocurile rămase.","Grila albastră are 1 mină și grila verde are de asemenea 1 mină, deci blocul roșu nu trebuie să fie mină. Click stânga pentru a-l deschide.","Minele de pe tablă de joc sunt acum logic imprevizibile, să facem o presupunere aleatoare și să click dreapta pe un bloc.",click pe numărul 2 pentru a deschide blocurile rămase.,"Ups... Din cauza unei ghiciri greșite, 2 linii sunt adăugate în partea de sus, și minele sunt marcate, și blocurile rămase sunt deschise. Click pe numărul 1 pentru a deschide blocurile rămase.",Click pe numărul 1 pentru a deschide ultimele 2 blocuri.,"Toate blocurile din ultimele 2 linii sunt deschise, 2 linii sunt curățate și sunt acordate 2 puncte. Scor mare, nivel înalt, joc dificil.","Noi blocuri sunt generate în timp, viteza lor bazată pe nivel. Linia de sus este blocată până când este complet generată. Jocul se termină dacă niciun bloc nu poate fi generat.",Toate Modurile,Fără Drag,Fără Greșeală,Numărătoare Tetris,Numărătoare Greșeli,Ieși din Tutorial?,Da,Nu,Click stânga pe un bloc obișnuit: deschide bloc,Click stânga pe un bloc cu întrebare: deschide bloc,Click stânga pe un bloc obișnuit: marchează mină ca steag,Click stânga pe un bloc cu întrebare: marchează mină ca steag,Click dreapta pe un bloc obișnuit: marchează ca întrebare,Click dreapta pe un bloc cu întrebare: demarchează întrebare,"Click pe număr: bloc = număr, marchează bloc ca steag","Click pe număr: steag = număr, deschide bloc rămas","Marchează = număr: deschide bloc rămas, demarchează întrebare; bloc = număr, marchează bloc ca steag","Marchează = număr: deschide bloc rămas, marchează mină ca steag; steag = număr, deschide bloc rămas","Bloc este mină: adaugă două rânduri sus, marchează mină ca steag",La fiecare secundă: adaugă (nivel / 5) + 1 bloc fix,Blocul fix umple rândul de sus: blocul fix devine clicabil,"Toate minele din rând marcate ca steag: curăță rând, adaugă 1 punct","Toate blocurile ne-mină din rând deschise: curăță rând, adaugă 1 punct","Rând < 4: declanșează Tetris, adaugă 4 rânduri, adaugă 4 puncte; Tetris consecutiv adaugă de la 1 la 4 puncte",Scor >= (nivel + 1) * (nivel + 1): urcă nivel,"Ușor: 12x12, 2 mine / rând","Normal: 16x16, 3 mine / rând","Dificil: 32x24, 6 mine / rând"
russian,Сапёр Тетрис,Сапёр Тетрис уже запущен!,"Пожалуйста, запустите Сапёр Тетрис через Steam!",Инициализация Steam не удалась!,Не удалось загрузить текущий статус пользователя Steam!,Сапёр Тетрис (32-бит),Версия 20221215 (Steam),Создано ax_pokl,Лицензировано под GPL-3.0,ОК,Инициализация Steam...,Инициализация Аудио...,Инициализация Игрового поля...,Инициализация Графики...,Инициализация Окна...,Легкий,Нормальный,Сложный,Новая Игра,Пауза,Добавить линию,Помощь,О программе,Настройки,Рейтинг,Звук,Музыка,Перетаскивание,Статистика,Скин,Скрин,Выход,Увеличение,Анимация,Курсор,Включено,Выключено,Без Перетаскивания,Без Номеров,Перетаскивать Номера,Перетаскивать Всё,Автоматически,Максимизировать,Яркий,Тёмный,Майнкрафт,Иней,Джунгли,Лава,Накопительный,Детали,x1,x1.5,x2,x2.5,x3,x3.5,x4,Учебник,"Кликните левой кнопкой мыши по блоку, чтобы начать игру.","Число показывает, сколько мин находится в соседних блоках. Кликните левой кнопкой мыши по другому блоку, чтобы продолжить.","Вокруг числа 1 есть только 1 нераскрытый блок. Кликните на число 1, чтобы пометить блок флагом.","Синяя сетка имеет 1 мину, а зелёная сетка - 2 мины, так что красный блок должен быть миной. Кликните правой кнопкой мыши, чтобы пометить его как вопросительный знак.","Кликните на число 1, чтобы открыть оставшийся блок, вопросительный знак будет автоматически помечен как флаг.","Вокруг числа 2 есть только 2 нераскрытых блока. Кликните на число 2, чтобы пометить оставшиеся блоки флагами.","Все мины вокруг числа 2 помечены флагами. Кликните на число 2, чтобы открыть оставшиеся блоки.","Снова кликните на число 2, чтобы открыть оставшиеся блоки.","Синяя сетка имеет 1 мину, а зелёная сетка также имеет 1 мину, так что красный блок не должен быть миной. Кликните левой кнопкой мыши, чтобы открыть его.","Мины на игровом поле сейчас логически непредсказуемы, давайте сделаем случайное предположение и кликнем правой кнопкой мыши по блоку.","кликните на число 2, чтобы открыть оставшиеся блоки.","Ой... Из-за неверного предположения, сверху добавляются 2 строки, мины метятся флагами, и оставшиеся блоки открываются. Кликните на цифру 1, чтоб открыть оставшиеся блоки.","Кликните на число 1, чтобы открыть оставшиеся 2 блока.","Все блоки в нижних 2 строках открыты, 2 строки очищены и 2 очка присуждены. Высокий счёт, высокий уровень, сложная игра.","Новые блоки генерируются со временем, их скорость зависит от уровня. Верхняя строка заблокирована до полного создания. Игра заканчивается, если невозможно сгенерировать блок.",Все Режимы,Без Перетаскивания,Без Ошибок,Счётчик Тетриса,Счётчик Ошибок,Выйти из Учебника?,Да,Нет,Левый клик по обычному блоку: открыть блок,Левый клик по блоку с вопросом: открыть блок,Левый клик по обычному блоку: отметить мину флагом,Левый клик по блоку с вопросом: отметить мину флагом,Правый клик по обычному блоку: отметить как вопрос,Правый клик по блоку с вопросом: снять отметку вопроса,"Клик по числу: блок = число, отметить блок флагом","Клик по числу: флаг = число, открыть ост. блок","Отметка = число: открыть ост. блок, снять вопрос; блок = число, отметить флагом","Отметка = число: открыть ост. блок, отметить мину флагом; флаг = число, открыть ост. блок","Блок - мина: добавить две строки вверху, отметить мину флагом",Каждую секунду: добавить ( уровень / 5 ) + 1 фикс. блок,Фикс. блок заполняет верхнюю строку: фикс. блок становится кликабельным,"Все мины в ряду отмечены флагом: очистить ряд, добавить 1 очко","Все не-минные блоки в ряду открыты: очистить ряд, добавить 1 очко","Ряд < 4: срабатывание Тетриса, добавить 4 ряда, добавить 4 очка; последовательный Тетрис добавляет от 1 до 4 очков",Счёт >= (уровень + 1) * (уровень + 1): повышение уровня,"Лёгкий: 12x12, 2 мины / строка","Нормальный: 16x16, 3 мины / строка","Сложный: 32x24, 6 мин / строка"
schinese,扫雷俄罗斯方块,扫雷俄罗斯方块已经在运行了！,请从Steam启动扫雷俄罗斯方块！,Steam初始化失败！,Steam当前用户状态加载失败！,扫雷俄罗斯方块（32位）,版本 20221215（Steam）,由 ax_pokl 制作,根据GPL-3.0许可,确定,正在初始化Steam...,正在初始化音频...,正在初始化游戏面板...,正在初始化图形...,正在初始化窗口...,简单,普通,困难,新游戏,暂停,添加行,帮助,关于,设置,排行,声音,音乐,拖动,数据,皮肤,截图,退出,缩放,动画,光标,开,关,无拖动,无数字,拖动数字,拖动全部,自动,最大化,明亮,黑暗,Minecraft,冰霜,丛林,熔岩,累计,详情,x1,x1.5,x2,x2.5,x3,x3.5,x4,教程,左键点击一个方块开始游戏。,数字表示附近方块内的地雷数量。左键点击另一个方块继续。,数字1周围只有1个未打开的方块。点击数字1将方块标记为旗帜。,蓝格有1个地雷，绿格有2个地雷，所以红色方块必须是地雷。右键点击将其标记为问号。,点击数字1打开剩余方块，问号将自动标记为旗帜。,数字2周围只有2个未打开的方块。点击数字2将剩余方块标记为旗帜。,数字2周围的所有地雷都被标记为旗帜。点击数字2打开剩余方块。,再次，点击数字2打开剩余方块。,蓝格有1个地雷，绿格也有1个地雷，所以红色方块不应该是地雷。左键点击打开它。,游戏面板上的地雷现在逻辑上不可预测，让我们做一个随机猜测并右键点击一个方块。,点击数字2打开剩余方块。,哎呀...由于错误的猜测，顶部添加了2行，并且地雷被标记，剩余的方块被打开。点击数字1打开剩余方块。,点击数字1打开剩余的2个方块。,底部2行的所有方块都被打开，2行被清除并获得2分。高分，高等级，困难游戏。,新的方块会随着时间生成，其速度基于等级。顶行被封锁直到完全生成。如果没有方块可以生成，游戏结束。,所有模式,无拖动,无错误,俄罗斯方块计数,错误计数,退出教程？,是,否,左键点击普通方块：打开方块,左键点击问号方块：打开方块,左键点击普通方块：将地雷标记为旗帜,左键点击问号方块：将地雷标记为旗帜,右键点击普通方块：标记为问号,右键点击问号方块：取消标记问号,点击数字：方块 = 数字，将方块标记为旗帜,点击数字：旗帜 = 数字，打开剩余方块,标记 = 数字：打开剩余方块，取消标记问号；方块 = 数字，将方块标记为旗帜,标记 = 数字：打开剩余方块，将地雷标记为旗帜；旗帜 = 数字，打开剩余方块,方块是地雷：顶部添加两行，将地雷标记为旗帜,每秒：添加（等级 / 5）+1固定方块,固定方块填满顶行：固定方块变得可以点击,行中所有地雷被标记为旗帜：清除行，添加1分,行中所有非地雷方块被打开：清除行，添加1分,行 < 4：触发俄罗斯方块，添加4行，添加4分；连续俄罗斯方块添加1至4分,得分>=(等级 + 1) * (等级 + 1)：升级,简单：12x12，每行2个地雷,普通：16x16，每行3个地雷,困难：32x24，每行6个地雷
spanish,Buscaminas Tetris,¡Buscaminas Tetris ya está en funcionamiento!,"Por favor, inicia Buscaminas Tetris desde Steam!",¡Inicialización de Steam fallida!,¡Falló la carga del estado actual del usuario de Steam!,Buscaminas Tetris (32 bits),Versión 20221215 (Steam),Creado por ax_pokl,Licenciado bajo GPL-3.0,OK,Inicializando Steam...,Inicializando Audio...,Inicializando Tablero de Juego...,Inicializando Gráficos...,Inicializando Ventana...,Fácil,Normal,Difícil,Nuevo Juego,Pausa,Añadir línea,Ayuda,Acerca de,Configuración,Clasificación,Sonido,Música,Arrastre,Estadísticas,Aspecto,Captura,Salir,Zoom,Animación,Cursor,Encendido,Apagado,Sin Arrastre,Sin Número,Arrastrar Número,Arrastrar Todo,Automático,Maximizar,Brillante,Oscuro,Minecraft,Escarcha,Selva,Lava,Acumulado,Detalles,x1,x1.5,x2,x2.5,x3,x3.5,x4,Tutorial,Haz clic izquierdo en un bloque para comenzar el juego.,El número representa cuántas minas hay en los bloques cercanos. Haz clic izquierdo en otro bloque para continuar.,Solo hay 1 bloque sin abrir alrededor del número 1. Haz clic en el número 1 para marcar el bloque como bandera.,"La cuadrícula azul tiene 1 mina y la cuadrícula verde tiene 2 minas, por lo que el bloque rojo debe ser una mina. Haz clic derecho para marcarlo como signo de interrogación.","Haz clic en el número 1 para abrir el bloque restante, el signo de interrogación se marcará automáticamente como bandera.",Solo hay 2 bloques sin abrir alrededor del número 2. Haz clic en el número 2 para marcar los bloques restantes como banderas.,Todas las minas alrededor del número 2 están marcadas con banderas. Haz clic en el número 2 para abrir los bloques restantes.,"De nuevo, haz clic en el número 2 para abrir los bloques restantes.","La cuadrícula azul tiene 1 mina y la cuadrícula verde también tiene 1 mina, por lo que el bloque rojo no debe ser una mina. Haz clic izquierdo para abrirlo.","Las minas en el tablero de juego son lógicamente impredecibles ahora, hagamos una suposición aleatoria y hagamos clic derecho en un bloque.",haz clic en el número 2 para abrir los bloques restantes.,"Vaya... Debido a una suposición errada, se suman 2 líneas en la parte superior, y las minas están marcadas, y se abren los bloques restantes. Haz clic en el número 1 para abrir los bloques restantes.",Haz clic en el número 1 para abrir los 2 bloques restantes.,"Todos los bloques en las 2 líneas inferiores están abiertos, se limpian 2 líneas y se otorgan 2 puntos. Puntuación alta, nivel alto, juego difícil.","Los bloques nuevos se generan con el tiempo, su velocidad se basa en el nivel. La línea superior está bloqueada hasta que se genere por completo. Fin del juego si no se puede generar ningún bloque.",Todos los Modos,Sin Arrastre,Sin Error,Conteo de Tetris,Conteo de Errores,¿Salir del Tutorial?,Sí,No,Clic izq. en bloque normal: abrir bloque,Clic izq. en bloque pregunta: abrir bloque,Clic izq. en bloque normal: marcar mina como bandera,Clic izq. en bloque pregunta: marcar mina como bandera,Clic der. en bloque normal: marcar como pregunta,Clic der. en bloque pregunta: desmarcar pregunta,"Clic en número: bloque = número, marcar bloque como bandera","Clic en número: bandera = número, abrir resto del bloque","Marca = número: abrir resto del bloque, desmarcar pregunta; bloque = número, marcar bloque como bandera","Marca = número: abrir resto del bloque, marcar mina como bandera; bandera = número, abrir resto del bloque","Bloque es mina: añadir dos filas arriba, marcar mina como bandera",Cada segundo: añadir ( nivel / 5 ) + 1 bloque fijo,Bloque fijo llena fila superior: bloque fijo se vuelve clickeable,"Todas las minas en fila marcadas como bandera: limpiar fila, añadir 1 punto","Todos los bloques no-mina en fila abiertos: limpiar fila, añadir 1 punto","Fila < 4: activar Tetris, añadir 4 filas, añadir 4 puntos; Tetris consecutivos añaden de 1 a 4 puntos",Puntuación >= ( nivel + 1 ) * ( nivel + 1 ): subir de nivel,"Fácil: 12x12, 2 minas / fila","Normal: 16x16, 3 minas / fila","Difícil: 32x24, 6 minas / fila"
swedish,Minsvepare Tetris,Minsvepare Tetris körs redan!,Vänligen starta Minsvepare Tetris från Steam!,Steam-initiering misslyckades!,Laddning av Steam nuvarande användarstatus misslyckades!,Minsvepare Tetris (32-bitars),Version 20221215 (Steam),Skapad av ax_pokl,Licensierad under GPL-3.0,OK,Initierar Steam...,Initierar Ljud...,Initierar Spelbräde...,Initierar Grafik...,Initierar Fönster...,Lätt,Normal,Svår,Nytt Spel,Paus,Lägg till rad,Hjälp,Om,Inställningar,Topplista,Ljud,Musik,Dra,Statistik,Skin,Skärm,Avsluta,Zooma,Animation,Kursor,På,Av,Ingen Dragning,Inget Nummer,Dra Nummer,Dra Alla,Automatisk,Maximera,Ljus,Mörk,Minecraft,Frost,Djungel,Lava,Kumulativt,Detaljer,x1,x1.5,x2,x2.5,x3,x3.5,x4,Handledning,Vänsterklicka på en ruta för att starta spelet.,Numret representerar hur många minor som finns i närliggande rutor. Vänsterklicka på en annan ruta för att fortsätta.,Det finns bara 1 oöppnad ruta runt nummer 1. Klicka på nummer 1 för att markera rutan som flagga.,"Blått rutnät har 1 mina och grönt rutnät har 2 minor, så den röda rutan måste vara en mina. Högerklicka för att markera den som ett frågetecken.","Klicka på nummer 1 för att öppna den återstående rutan, frågetecknet kommer automatiskt att markeras som flagga.",Det finns bara 2 oöppnade rutor runt nummer 2. Klicka på nummer 2 för att markera de återstående rutorna som flaggor.,Alla minor runt nummer 2 är markerade med flaggor. Klicka på nummer 2 för att öppna de återstående rutorna.,"Återigen, klicka på nummer 2 för att öppna de återstående rutorna.","Blått rutnät har 1 mina och grönt rutnät har också 1 mina, så den röda rutan ska inte vara en mina. Vänsterklicka för att öppna den.","Minor på spelbrädet är logiskt oförutsägbara nu, låt oss göra en slumpmässig gissning och högerklicka på en ruta.",klicka på nummer 2 för att öppna de återstående rutorna.,"Oj... På grund av fel gissning, läggs 2 rader till i toppen, och minor är flaggade, och de återstående rutorna öppnas. Klicka på nummer 1 för att öppna de återstående rutorna.",Klicka på nummer 1 för att öppna de återstående 2 rutorna.,"Alla rutor i de nedre 2 raderna öppnas, 2 rader rensas och 2 poäng tilldelas. Högt poäng, hög nivå, svårt spel.","Nya rutor genereras över tid, deras hastighet baseras på nivån. Övre raden är blockerad tills den är helt genererad. Spelet är över om ingen ruta kan genereras.",Alla Lägen,Ingen Dragning,Inga Misstag,Tetris-räkning,Misstag-räkning,Avsluta handledning?,Ja,Nej,Vänsterklicka på en vanlig ruta: öppna ruta,Vänsterklicka på en frågeruta: öppna ruta,Vänsterklicka på en vanlig ruta: markera mina som flagga,Vänsterklicka på en frågeruta: markera mina som flagga,Högerklicka på en vanlig ruta: markera som fråga,Högerklicka på en frågeruta: avmarkera fråga,"Klicka på nummer: ruta = nummer, markera ruta som flagga","Klicka på nummer: flagga = nummer, öppna återstående ruta","Markera = nummer: öppna återstående ruta, avmarkera fråga; ruta = nummer, markera ruta som flagga","Markera = nummer: öppna återstående ruta, markera mina som flagga; flagga = nummer, öppna återstående ruta","Ruta är mina: lägg till två rader på toppen, markera mina som flagga",Varje sekund: lägg till (nivå / 5) + 1 fast ruta,Fast ruta fyller övre raden: fast ruta blir klickbar,"Alla minor i raden markerade som flaggor: rensa raden, lägg till 1 poäng","Alla icke-mina rutor i raden öppnade: rensa raden, lägg till 1 poäng","Rad < 4: utlös Tetris, lägg till 4 rader, lägg till 4 poäng; påföljande Tetris lägger till från 1 till 4 poäng",Poäng >= (nivå + 1) * (nivå + 1): nivå upp,"Lätt: 12x12, 2 minor / rad","Normal: 16x16, 3 minor / rad","Svår: 32x24, 6 minor / rad"
tchinese,掃雷者俄羅斯方塊,掃雷者俄羅斯方塊已經在運行了！,請從Steam啟動掃雷者俄羅斯方塊！,Steam初始化失敗！,Steam當前用戶狀態加載失敗！,掃雷者俄羅斯方塊（32位元）,版本 20221215（Steam）,由 ax_pokl 製作,授權於 GPL-3.0,確定,正在初始化Steam...,正在初始化音頻...,正在初始化遊戲版...,正在初始化圖形...,正在初始化窗口...,簡單,普通,困難,新遊戲,暫停,添加行,幫助,關於,設置,排行,聲音,音樂,拖動,數據,皮膚,截圖,退出,縮放,動畫,光標,開,關,無拖動,無數字,拖動數字,拖動所有,自動,最大化,明亮,黑暗,Minecraft,冰霜,叢林,熔岩,累計,詳情,x1,x1.5,x2,x2.5,x3,x3.5,x4,教學,點擊左鍵開始遊戲。,數字表示附近方塊內的地雷數量。點擊左鍵另一個方塊繼續。,數字1周圍只有1個未打開的方塊。點擊數字1將方塊標記為旗標。,藍格有1個地雷，綠格有2個地雷，所以紅色方塊必須是地雷。右鍵點擊將其標記為問號。,點擊數字1打開剩餘方塊，問號將自動標記為旗標。,數字2周圍只有2個未打開的方塊。點擊數字2將剩餘方塊標記為旗標。,數字2周圍的所有地雷都被標記為旗標。點擊數字2打開剩餘方塊。,再次，點擊數字2打開剩餘方塊。,藍格有1個地雷，綠格也有1個地雷，所以紅色方塊不應該是地雷。左鍵點擊打開它。,遊戲版上的地雷現在在邏輯上不可預測，讓我們做一個隨機猜測並右鍵點擊一個方塊。,點擊數字2打開剩餘方塊。,哎呀...由於錯誤的猜測，頂部添加了2行，並且地雷被標記，剩餘的方塊被打開。點擊數字1打開剩餘方塊。,點擊數字1打開剩餘的2個方塊。,底部2行的所有方塊都被打開，2行被清除並獲得2分。高分，高級別，困難遊戲。,新的方塊會隨著時間生成，其速度基於級別。頂行被封鎖直到完全生成。如果沒有方塊可以生成，遊戲結束。,所有模式,無拖動,無錯誤,俄羅斯方塊計數,錯誤計數,退出教程？,是,否,點擊左鍵普通方塊：打開方塊,點擊左鍵問題方塊：打開方塊,點擊左鍵普通方塊：將地雷標記為旗標,點擊左鍵問題方塊：將地雷標記為旗標,右鍵點擊普通方塊：標記為問題,右鍵點擊問題方塊：取消標記問題,點擊數字：方塊=數字，將方塊標記為旗標,點擊數字：旗標=數字，打開剩餘方塊,標記=數字：打開剩餘方塊，取消標記問題；方塊=數字，將方塊標記為旗標,標記=數字：打開剩餘方塊，將地雷標記為旗標；旗標=數字，打開剩餘方塊,方塊是地雷：頂部添加兩行，將地雷標記為旗標,每秒：添加（級別/5）+1固定方塊,固定方塊填滿頂行：固定方塊變得可以點擊,行中所有地雷被標記為旗標：清除行，添加1分,行中所有非地雷方塊被打開：清除行，添加1分,行<4：觸發俄羅斯方塊，添加4行，添加4分；連續俄羅斯方塊添加1至4分,得分>=(級別+1)*(級別+1)：升級,簡單：12x12，每行2個地雷,普通：16x16，每行3個地雷,困難：32x24，每行6個地雷
thai,Minesweeper Tetris,Minesweeper Tetris กำลังทำงานอยู่แล้ว!,โปรดเริ่มต้น Minesweeper Tetris จาก Steam!,การเริ่มต้น Steam ล้มเหลว!,การโหลดสถานะผู้ใช้ปัจจุบันของ Steam ล้มเหลว!,Minesweeper Tetris (32 บิต),เวอร์ชั่น 20221215 (Steam),สร้างโดย ax_pokl,ได้รับอนุญาตภายใต้ GPL-3.0,ตกลง,กำลังเริ่มต้น Steam...,กำลังเริ่มต้นเสียง...,กำลังเริ่มต้นกระดานเกม...,กำลังเริ่มต้นกราฟิก...,กำลังเริ่มต้นหน้าต่าง...,ง่าย,ปกติ,ยาก,เกมใหม่,หยุดชั่วคราว,เพิ่มแถว,ช่วยเหลือ,เกี่ยวกับ,ตั้งค่า,อันดับ,เสียง,เพลง,ลาก,สถิติ,สกิน,ภาพหน้าจอ,ออก,ซูม,แอนิเมชัน,เคอร์เซอร์,เปิด,ปิด,ไม่มีการลาก,ไม่มีตัวเลข,ลากตัวเลข,ลากทั้งหมด,อัตโนมัติ,ขยายใหญ่สุด,สว่าง,มืด,ไมน์คราฟต์,แม่คะนิ้ง,ป่า,ลาวา,สะสม,รายละเอียด,x1,x1.5,x2,x2.5,x3,x3.5,x4,บทเรียน,คลิกซ้ายที่บล็อกเพื่อเริ่มเกม,ตัวเลขแสดงถึงจำนวนที่ระเบิดที่อยู่ในบล็อกใกล้เคียง คลิกซ้ายที่บล็อกอื่นเพื่อดำเนินการต่อ,มีบล็อกที่ไม่ได้เปิดเพียง 1 บล็อกรอบตัวเลข 1 คลิกที่เลข 1 เพื่อทำเครื่องหมายบล็อกเป็นธง,ตารางสีน้ำเงินมีที่ระเบิด 1 ลูกและตารางสีเขียวมี 2 ลูก ดังนั้นบล็อกสีแดงจะต้องเป็นที่ระเบิด คลิกขวาเพื่อทำเครื่องหมายว่าเป็นเครื่องหมายคำถาม,คลิกที่เลข 1 เพื่อเปิดบล็อกที่เหลือ เครื่องหมายคำถามจะถูกทำเครื่องหมายเป็นธงโดยอัตโนมัติ,มีบล็อกที่ไม่ได้เปิดเพียง 2 บล็อกรอบตัวเลข 2 คลิกที่เลข 2 เพื่อทำเครื่องหมายบล็อกที่เหลือเป็นธง,ที่ระเบิดทั้งหมดรอบตัวเลข 2 ถูกทำเครื่องหมายด้วยธง คลิกที่เลข 2 เพื่อเปิดบล็อกที่เหลือ,อีกครั้ง คลิกที่เลข 2 เพื่อเปิดบล็อกที่เหลือ,ตารางสีน้ำเงินมีที่ระเบิด 1 ลูกและตารางสีเขียวก็มี 1 ลูกเช่นกัน ดังนั้นบล็อกสีแดงจะต้องไม่เป็นที่ระเบิด คลิกซ้ายเพื่อเปิด,ที่ระเบิดบนกระดานเกมไม่สามารถคาดเดาได้ตามหลักเหตุผลในขณะนี้ ลองเดาสุ่มและคลิกขวาที่บล็อก,คลิกที่เลข 2 เพื่อเปิดบล็อกที่เหลือ,อุ๊ย... จากการเดาผิด มีการเพิ่ม 2 แถวที่ด้านบน และที่ระเบิดถูกทำเครื่องหมาย และบล็อกที่เหลือถูกเปิด คลิกที่เลข 1 เพื่อเปิดบล็อกที่เหลือ,คลิกที่เลข 1 เพื่อเปิด 2 บล็อกที่เหลือ,บล็อกทั้งหมดใน 2 แถวด้านล่างถูกเปิด 2 แถวถูกล้างและได้รับ 2 คะแนน คะแนนสูง ระดับสูง เกมยาก,บล็อกใหม่ถูกสร้างขึ้นเป็นระยะ ๆ ความเร็วขึ้นอยู่กับระดับ แถวบนถูกบล็อกจนกว่าจะถูกสร้างขึ้นอย่างสมบูรณ์ เกมจบลงหากไม่สามารถสร้างบล็อกได้,ทุกโหมด,ไม่มีการลาก,ไม่มีข้อผิดพลาด,นับเทตริส,นับข้อผิดพลาด,ออกจากการสอน?,ใช่,ไม่ใช่,คลิกซ้ายบล็อกปกติ: เปิดบล็อก,คลิกซ้ายบล็อกคำถาม: เปิดบล็อก,คลิกซ้ายบล็อกปกติ: ทำเครื่องหมายที่ระเบิดเป็นธง,คลิกซ้ายบล็อกคำถาม: ทำเครื่องหมายที่ระเบิดเป็นธง,คลิกขวาบล็อกปกติ: ทำเครื่องหมายเป็นคำถาม,คลิกขวาบล็อกคำถาม: ยกเลิกเครื่องหมายคำถาม,"คลิกตัวเลข: บล็อก = ตัวเลข, ทำเครื่องหมายบล็อกเป็นธง","คลิกตัวเลข: ธง = ตัวเลข, เปิดบล็อกที่เหลือ","ทำเครื่องหมาย = ตัวเลข: เปิดบล็อกที่เหลือ, ยกเลิกเครื่องหมายคำถาม; บล็อก = ตัวเลข, ทำเครื่องหมายบล็อกเป็นธง","ทำเครื่องหมาย = ตัวเลข: เปิดบล็อกที่เหลือ, ทำเครื่องหมายที่ระเบิดเป็นธง; ธง = ตัวเลข, เปิดบล็อกที่เหลือ","บล็อกคือที่ระเบิด: เพิ่ม 2 แถวด้านบน, ทำเครื่องหมายที่ระเบิดเป็นธง",ทุกวินาที: เพิ่ม (ระดับ / 5) + 1 บล็อกคงที่,บล็อกคงที่เติมแถวบน: บล็อกคงที่กลายเป็นสามารถคลิกได้,"ทุกที่ระเบิดในแถวทำเครื่องหมายเป็นธง: ล้างแถว, เพิ่ม 1 คะแนน","บล็อกทั้งหมดที่ไม่ใช่ที่ระเบิดในแถวถูกเปิด: ล้างแถว, เพิ่ม 1 คะแนน","แถว < 4: กระตุ้นเทตริส, เพิ่ม 4 แถว, เพิ่ม 4 คะแนน; เทตริสที่ต่อเนื่องเพิ่มจาก 1 ถึง 4 คะแนน",คะแนน >= (ระดับ + 1) * (ระดับ + 1): เลื่อนระดับ,"ง่าย: 12x12, 2 ที่ระเบิด / แถว","ปกติ: 16x16, 3 ที่ระเบิด / แถว","ยาก: 32x24, 6 ที่ระเบิด / แถว"
turkish,Mayın Tarlası Tetris,Mayın Tarlası Tetris zaten çalışıyor!,Lütfen Mayın Tarlası Tetris'i Steam'den başlatın!,Steam başlatma başarısız oldu!,Steam mevcut kullanıcı durumu yüklemesi başarısız oldu!,Mayın Tarlası Tetris (32-bit),Versiyon 20221215 (Steam),ax_pokl tarafından yapıldı,GPL-3.0 altında lisanslandı,Tamam,Steam başlatılıyor...,Ses başlatılıyor...,Oyun Tahtası başlatılıyor...,Grafikler başlatılıyor...,Pencere başlatılıyor...,Kolay,Normal,Zor,Yeni Oyun,Duraklat,Satır ekle,Yardım,Hakkında,Ayarlar,Sıralama,Ses,Müzik,Sürükleme,İstatistikler,Skin,Görüntü,Çıkış,Yakınlaştır,Animasyon,İmleç,Açık,Kapalı,Sürükleme Yok,Numara Yok,Numarayı Sürükle,Her Şeyi Sürükle,Otomatik,Maksimize Et,Aydınlık,Karanlık,Minecraft,Kırağı,Orman,Lav,Birikimli,Detaylar,x1,x1.5,x2,x2.5,x3,x3.5,x4,Eğitim,Bir bloğa sol tıklayarak oyunu başlatın.,"Numara, yakın bloklardaki mayın sayısını gösterir. Devam etmek için başka bir bloğa sol tıklayın.",Numara 1'in etrafında sadece 1 açılmamış blok var. Bloğu bayrak olarak işaretlemek için numara 1'e tıklayın.,"Mavi ızgarada 1 mayın, yeşil ızgarada 2 mayın var, bu yüzden kırmızı blok mayın olmalı. Soru işareti olarak işaretlemek için sağ tıklayın.","Kalan bloğu açmak için numara 1'e tıklayın, soru işareti otomatik olarak bayrak olarak işaretlenecektir.",Numara 2'nin etrafında sadece 2 açılmamış blok var. Kalan blokları bayrak olarak işaretlemek için numara 2'ye tıklayın.,Numara 2'nin etrafındaki tüm mayınlar bayraklarla işaretlenmiştir. Kalan blokları açmak için numara 2'ye tıklayın.,"Yine, kalan blokları açmak için numara 2'ye tıklayın.","Mavi ızgarada 1 mayın ve yeşil ızgarada da 1 mayın var, bu yüzden kırmızı blok mayın olmamalı. Açmak için sol tıklayın.","Oyun tahtasındaki mayınlar şu anda mantıksal olarak öngörülemez, rastgele bir tahminde bulunalım ve bir bloğa sağ tıklayalım.",kalan blokları açmak için numara 2'ye tıklayın.,"Oops... Yanlış tahmin nedeniyle, üstte 2 satır eklenir, mayınlar bayraklanır ve kalan bloklar açılır. Kalan blokları açmak için numara 1'e tıklayın.",Kalan 2 bloğu açmak için numara 1'e tıklayın.,"Alt 2 satırdaki tüm bloklar açılır, 2 satır temizlenir ve 2 puan verilir. Yüksek skor, yüksek seviye, zor oyun.","Yeni bloklar zamanla oluşturulur, hızları seviyeye göre belirlenir. Üst satır tamamen oluşturulana kadar engellenir. Blok oluşturulamazsa oyun biter.",Tüm Modlar,Sürükleme Yok,Hata Yok,Tetris Sayımı,Hata Sayımı,Eğitimden Çık?,Evet,Hayır,Normal bir bloğa sol tıklayın: bloğu açın,Soru işaretli bloğa sol tıklayın: bloğu açın,Normal bir bloğa sol tıklayın: mayını bayrak olarak işaretleyin,Soru işaretli bloğa sol tıklayın: mayını bayrak olarak işaretleyin,Normal bir bloğa sağ tıklayın: soru işareti olarak işaretleyin,Soru işaretli bloğa sağ tıklayın: soru işaretini kaldırın,"Numaraya tıklayın: blok = numara, bloğu bayrak olarak işaretleyin","Numaraya tıklayın: bayrak = numara, kalan bloğu açın","İşaret = numara: kalan bloğu açın, soru işaretini kaldırın; blok = numara, bloğu bayrak olarak işaretleyin","İşaret = numara: kalan bloğu açın, mayını bayrak olarak işaretleyin; bayrak = numara, kalan bloğu açın","Blok mayınsa: üste iki satır ekleyin, mayını bayrak olarak işaretleyin",Her saniye: (seviye / 5) + 1 sabit blok ekleyin,Sabit blok üst satırı doldurur: sabit blok tıklanabilir olur,"Satırdaki tüm mayınlar bayrak olarak işaretlendi: satırı temizleyin, 1 puan ekleyin","Satırdaki tüm mayın olmayan bloklar açıldı: satırı temizleyin, 1 puan ekleyin","Satır < 4: Tetris tetikleyin, 4 satır ekleyin, 4 puan ekleyin; ardışık Tetris 1'den 4 puana kadar ekler",Skor >= (seviye + 1) * (seviye + 1): seviye atla,"Kolay: 12x12, satır başına 2 mayın","Normal: 16x16, satır başına 3 mayın","Zor: 32x24, satır başına 6 mayın"
ukrainian,Сапер Тетріс,Сапер Тетріс вже запущений!,"Будь ласка, запустіть Сапер Тетріс через Steam!",Ініціалізація Steam не вдалася!,Не вдалося завантажити поточний стан користувача Steam!,Сапер Тетріс (32-бітний),Версія 20221215 (Steam),Створено ax_pokl,Ліцензовано за GPL-3.0,ОК,Ініціалізація Steam...,Ініціалізація аудіо...,Ініціалізація ігрового поля...,Ініціалізація графіки...,Ініціалізація вікна...,Легкий,Нормальний,Складний,Нова гра,Пауза,Додати лінію,Допомога,Про,Налаштування,Рейтинг,Звук,Музика,Перетягування,Статистика,Скін,Скрін,Вихід,Масштаб,Анімація,Курсор,Увімкнуто,Вимкнуто,Без перетягування,Без номерів,Перетягувати номера,Перетягувати все,Автоматично,Максимізувати,Яскравий,Темний,Minecraft,Іне́й,Джунглі,Лава,Накопичувальний,Деталі,x1,x1.5,x2,x2.5,x3,x3.5,x4,Посібник,"Клацніть лівою кнопкою миші по блоку, щоб почати гру.","Число показує, скільки мін у сусідніх блоках. Клацніть лівою кнопкою миші по іншому блоку, щоб продовжити.","Є лише 1 невідкритий блок навколо числа 1. Клацніть на число 1, щоб позначити блок прапорцем.","Синя сітка має 1 міну, а зелена - 2 міни, отже, червоний блок повинен бути міною. Клацніть правою кнопкою миші, щоб позначити його як знак запитання.","Клацніть на число 1, щоб відкрити залишений блок, знак запитання буде автоматично позначений як прапорець.","Є лише 2 невідкритих блока навколо числа 2. Клацніть на число 2, щоб позначити залишені блоки прапорцями.","Всі міни навколо числа 2 позначені прапорцями. Клацніть на число 2, щоб відкрити залишені блоки.","Знову клацніть на число 2, щоб відкрити залишені блоки.","Синя сітка має 1 міну, а зелена також має 1 міну, отже, червоний блок не повинен бути міною. Клацніть лівою кнопкою миші, щоб відкрити його.","Міни на ігровому полі зараз логічно непередбачувані, давайте зробимо випадкове припущення і клацнемо правою кнопкою миші по блоку.","клацніть на число 2, щоб відкрити залишені блоки.","Ой... Через неправильне припущення, у верхній частині додаються 2 рядки, міни позначаються, і залишені блоки відкриваються. Клацніть на число 1, щоб відкрити залишені блоки.","Клацніть на число 1, щоб відкрити 2 залишених блоки.","Всі блоки у нижніх 2 рядках відкриті, 2 рядки очищені, і надано 2 бали. Високий рахунок, високий рівень, важка гра.","Нові блоки генеруються з часом, їх швидкість залежить від рівня. Верхній рядок заблокований, доки він повністю не буде сформований. Гра закінчується, якщо блок не може бути сформований.",Всі Режими,Без Перетягування,Без Помилок,Рахунок Тетріса,Рахунок Помилок,Вихід з Навчання?,Так,Ні,Лівий клік по звичайному блоку: відкрити блок,Лівий клік по блоку з питанням: відкрити блок,Лівий клік по звичайному блоку: позначити міну як прапор,Лівий клік по блоку з питанням: позначити міну як прапор,Правий клік по звичайному блоку: позначити як питання,Правий клік по блоку з питанням: зняти питання,"Клік на число: блок = число, позначити блок як прапор","Клік на число: прапор = число, відкрити залишок блоку","Позначка = число: відкрити залишений блок, зняти позначку питання; блок = число, позначити як прапор","Позначка = число: відкрити залишок блоку, позначити міну як прапор; прапор = число, відкрити залишок блоку","Блок - міна: додати два ряди вгору, позначити міну як прапор",Кожну секунду: додати (рівень / 5) + 1 фікс. блок,Фікс. блок заповнює верхній ряд: фікс. блок стає клікабельним,"Всі міни в ряду позначені як прапори: очистити ряд, додати 1 бал","Всі не-мінні блоки в ряду відкриті: очистити ряд, додати 1 бал","Ряд < 4: активувати Тетріс, додати 4 ряди, додати 4 бали; послідовний Тетріс додає від 1 до 4 балів",Рахунок >= (рівень + 1) * (рівень + 1): підвищення рівня,"Легкий: 12x12, 2 міни / рядок","Нормальний: 16x16, 3 міни / рядок","Складний: 32x24, 6 мін / рядок"
vietnamese,Dò Mìn Tetris,Dò Mìn Tetris đã được khởi chạy!,Vui lòng khởi chạy Dò Mìn Tetris từ Steam!,Khởi tạo Steam thất bại!,Không tải được trạng thái người dùng hiện tại của Steam!,Dò Mìn Tetris (32-bit),Phiên bản 20221215 (Steam),Được tạo bởi ax_pokl,Được cấp phép theo GPL-3.0,OK,Đang khởi tạo Steam...,Đang khởi tạo Âm thanh...,Đang khởi tạo Bàn cờ...,Đang khởi tạo Đồ họa...,Đang khởi tạo Cửa sổ...,Dễ,Bình thường,Khó,Trò chơi mới,Tạm dừng,Thêm dòng,Trợ giúp,Về,Cài đặt,Xếp hạng,Âm thanh,Nhạc,Kéo,Thống kê,Skin,Ảnh,Thoát,Phóng to,Hoạt ảnh,Con trỏ,Bật,Tắt,Không Kéo,Không Số,Kéo Số,Kéo Tất cả,Tự động,Phóng to tối đa,Sáng,Tối,Minecraft,Sương giá,Rừng,Nham thạch,Tích lũy,Chi tiết,x1,x1.5,x2,x2.5,x3,x3.5,x4,Hướng dẫn,Nhấp chuột trái vào một ô để bắt đầu trò chơi.,Số biểu thị số mìn có trong các ô lân cận. Nhấp chuột trái vào một ô khác để tiếp tục.,Chỉ có 1 ô chưa mở xung quanh số 1. Nhấp vào số 1 để đánh dấu ô đó là cờ.,"Lưới xanh có 1 mìn và lưới xanh lục có 2 mìn, vậy ô màu đỏ phải là mìn. Nhấp chuột phải để đánh dấu nó là dấu chấm hỏi.","Nhấp vào số 1 để mở ô còn lại, dấu chấm hỏi sẽ tự động được đánh dấu là cờ.",Chỉ có 2 ô chưa mở xung quanh số 2. Nhấp vào số 2 để đánh dấu các ô còn lại là cờ.,Tất cả mìn xung quanh số 2 được đánh dấu là cờ. Nhấp vào số 2 để mở các ô còn lại.,"Lại nữa, nhấp vào số 2 để mở các ô còn lại.","Lưới xanh có 1 mìn và lưới xanh lục cũng có 1 mìn, vậy ô màu đỏ không thể là mìn. Nhấp chuột trái để mở nó.","Mìn trên bàn cờ giờ đây không thể dự đoán theo logic, hãy thử đoán ngẫu nhiên và nhấp chuột phải vào một ô.",nhấp vào số 2 để mở các ô còn lại.,"Ối... Do đoán sai, 2 dòng được thêm vào phía trên, và mìn được đánh dấu, các ô còn lại được mở. Nhấp vào số 1 để mở các ô còn lại.",Nhấp vào số 1 để mở 2 ô còn lại.,"Tất cả các ô trong 2 dòng dưới cùng được mở, 2 dòng được làm sạch và 2 điểm được trao. Điểm cao, cấp độ cao, trò chơi khó.","Các ô mới được tạo ra theo thời gian, tốc độ dựa trên cấp độ. Dòng trên cùng bị chặn cho đến khi được tạo ra hoàn toàn. Trò chơi kết thúc nếu không thể tạo ô.",Tất cả Chế độ,Không Kéo,Không Lỗi,Đếm Tetris,Đếm Lỗi,Thoát Hướng dẫn?,Có,Không,Nhấp chuột trái vào ô bình thường: mở ô,Nhấp chuột trái vào ô hỏi: mở ô,Nhấp chuột trái vào ô bình thường: đánh dấu mìn là cờ,Nhấp chuột trái vào ô hỏi: đánh dấu mìn là cờ,Nhấp chuột phải vào ô bình thường: đánh dấu là dấu hỏi,Nhấp chuột phải vào ô hỏi: bỏ đánh dấu dấu hỏi,"Nhấp vào số: ô = số, đánh dấu ô là cờ","Nhấp vào số: cờ = số, mở ô còn lại","Đánh dấu = số: mở ô còn lại, bỏ đánh dấu dấu hỏi; ô = số, đánh dấu ô là cờ","Đánh dấu = số: mở ô còn lại, đánh dấu mìn là cờ; cờ = số, mở ô còn lại","Ô là mìn: thêm hai dòng ở trên, đánh dấu mìn là cờ",Mỗi giây: thêm (cấp độ / 5) + 1 ô cố định,Ô cố định điền dòng trên cùng: ô cố định trở nên có thể nhấp vào,"Tất cả mìn trong dòng được đánh dấu là cờ: làm sạch dòng, thêm 1 điểm","Tất cả ô không phải mìn trong dòng được mở: làm sạch dòng, thêm 1 điểm","Dòng < 4: kích hoạt Tetris, thêm 4 dòng, thêm 4 điểm; Tetris liên tiếp thêm từ 1 đến 4 điểm",Điểm >= (cấp độ + 1) * (cấp độ + 1): lên cấp,"Dễ: 12x12, 2 mìn / dòng","Bình thường: 16x16, 3 mìn / dòng","Khó: 32x24, 6 mìn / dòng"
